Time,Brightness
11,59
18,91
24,123
31,156
37,190
45,222
51,256
58,291
64,324
71,330
78,332
84,335
92,336
98,337
105,339
111,340
118,341
124,341
132,343
139,343
145,344
152,345
158,346
165,347
172,348
179,348
186,349
192,350
199,350
205,351
215,351
224,351
233,352
242,352
251,352
261,353
270,354
280,354
289,353
299,355
308,355
317,356
326,355
335,356
346,355
355,355
364,355
373,354
382,355
392,354
401,353
411,353
420,352
430,352
439,350
448,350
457,349
466,347
477,347
486,345
495,345
504,343
514,342
523,341
532,339
542,338
551,336
561,336
570,334
579,332
588,331
598,329
608,328
617,327
626,326
635,325
645,323
654,322
663,320
673,319
683,318
692,316
701,315
710,314
719,313
729,312
738,311
748,310
757,309
766,308
776,308
785,307
794,307
803,306
814,306
823,306
832,306
841,306
850,305
860,305
869,305
879,305
888,306
898,306
907,307
916,307
925,307
934,309
945,309
954,311
963,311
972,312
982,313
991,315
1000,316
1011,317
1021,319
1032,319
1042,320
1052,321
1062,322
1074,323
1084,325
1094,328
1104,329
1115,331
1125,333
1135,334
1146,336
1157,337
1167,338
1177,340
1187,341
1198,342
1209,344
1219,345
1229,347
1240,348
1250,349
1260,350
1270,351
1282,352
1292,352
1302,353
1312,353
1323,354
1333,354
1344,355
1354,355
1364,355
1375,355
1385,355
1395,355
1406,354
1417,354
1427,354
1437,354
1447,353
1458,352
1468,352
1479,351
1489,350
1500,349
1510,348
1520,347
1530,346
1542,345
1552,344
1562,343
1572,341
1583,340
1593,338
1603,337
1614,335
1625,334
1635,332
1645,330
1655,329
1666,327
1677,326
1687,325
1697,323
1708,321
1718,320
1728,318
1739,317
1750,316
1760,315
1770,313
1780,312
1790,311
1801,311
1812,310
1822,309
1832,308
1843,307
1853,307
1863,306
1874,306
1885,306
1895,306
1905,306
1915,306
1926,306
1936,306
1947,307
1957,307
1968,308
1978,308
1988,309
1998,310
2010,311
2020,312
2030,313
2040,314
2051,316
2061,317
2072,319
2082,320
2093,322
2103,323
2113,324
2123,326
2134,327
2145,329
2155,330
2165,332
2176,334
2186,335
2196,337
2207,338
2217,339
2228,341
2238,342
2248,343
2258,344
2269,346
2280,347
2290,348
2300,349
2311,350
2321,351
2331,352
2342,353
2353,353
2363,354
2373,354
2383,354
2394,355
2405,355
2415,355
2425,355
2436,355
2446,355
2456,355
2466,355
2478,354
2488,354
2498,353
2508,353
2519,352
2529,352
2540,351
2550,350
2561,349
2571,348
2581,347
2591,345
2601,344
2613,343
2623,342
2633,340
2643,339
2654,337
2664,335
2675,334
2685,332
2696,331
2706,329
2716,328
2726,326
2738,325
2748,324
2758,322
2768,321
2779,319
2789,318
2799,316
2810,315
2821,314
2831,313
2841,312
2851,311
2862,310
2873,309
2883,308
2893,308
2904,307
2914,307
2924,307
2934,307
2946,307
2956,307
2966,307
2976,307
2987,307
2997,308
3008,308
3018,309
3028,310
3039,311
3049,312
3059,313
3070,313
3081,315
3091,316
3101,317
3111,318
3122,320
3132,322
3143,323
3153,324
3164,326
3174,327
3184,329
3194,330
3206,332
3216,333
3226,335
3236,337
3247,338
3257,340
3267,341
3278,342
3289,344
3299,345
3309,346
3319,347
3330,348
3341,350
3351,351
3361,352
3372,352
3382,353
3392,354
3403,354
3414,355
3424,355
3434,355
3444,356
3454,356
3465,356
3476,357
3486,356
3496,356
3507,356
3517,355
3527,355
3538,354
3549,354
3559,353
3569,353
3579,352
3590,351
3600,350
3611,349
3621,348
3632,347
3642,346
3652,344
3662,343
3674,342
3684,340
3694,339
3704,338
3715,336
3725,334
3736,333
3746,331
3757,329
3767,328
3777,326
3787,325
3798,324
3809,323
3819,321
3829,319
3840,318
3850,316
3860,315
3871,314
3881,313
3892,312
3902,311
3912,310
3922,310
3934,309
3944,308
3954,308
3964,307
3975,307
3985,307
3995,307
4006,307
4017,307
4027,307
4037,307
4047,308
4058,308
4069,309
4079,310
4089,311
4100,312
4110,313
4120,314
4130,315
4142,316
4152,317
4162,319
4172,320
4183,322
4193,324
4204,325
4214,326
4225,328
4235,329
4245,331
4255,332
4265,334
4277,335
4287,337
4297,338
4307,340
4318,341
4328,343
4339,344
4349,345
4360,347
4370,348
4380,349
4390,350
4402,351
4412,352
4422,353
4432,353
4443,354
4453,355
4463,355
4474,355
4485,356
4495,356
4505,356
4515,356
4526,357
4537,357
4547,356
4557,356
4568,355
4578,355
4588,354
4598,354
4610,353
4620,352
4630,352
4640,351
4651,350
4661,349
4672,347
4682,346
4692,345
4703,344
4713,342
4723,341
4734,340
4745,338
4755,337
4765,335
4775,334
4786,332
4796,330
4807,329
4817,327
4828,326
4838,324
4848,323
4858,322
4870,320
4880,319
4890,317
4900,316
4911,315
4921,314
4931,312
4942,311
4953,311
4963,310
4973,309
4983,309
4994,308
5005,308
5015,307
5025,307
5036,307
5046,307
5056,307
5067,307
5078,307
5088,308
5098,308
5108,308
5118,309
5129,310
5140,311
5150,312
5160,313
5171,314
5181,315
5191,316
5202,318
5213,319
5223,320
5233,322
5243,324
5254,325
5264,327
5275,328
5285,329
5296,331
5306,332
5316,334
5326,335
5338,336
5348,338
5358,340
5368,341
5379,343
5389,344
5400,345
5410,347
5421,348
5431,348
5441,349
5451,350
5462,351
5473,352
5483,353
5493,354
5504,354
5514,354
5524,355
5535,355
5545,355
5556,355
5566,355
5576,356
5586,355
5598,355
5608,355
5618,354
5628,354
5639,353
5649,353
5659,352
5670,351
5681,350
5691,350
5701,349
5711,348
5722,346
5733,345
5743,344
5753,342
5764,341
5774,340
5784,338
5794,337
5806,336
5816,334
5826,333
5836,331
5847,329
5857,328
5868,326
5878,324
5889,323
5899,321
5909,320
5919,319
5929,318
5941,317
5951,315
5961,314
5971,313
5982,311
5992,310
6003,310
6013,309
6024,308
6034,308
6044,307
6054,307
6066,306
6076,306
6086,306
6096,306
6107,306
6117,307
6127,307
6138,307
6149,308
6159,308
6169,309
6179,310
6190,311
6201,312
6211,313
6221,314
6232,315
6242,316
6252,318
6262,319
6274,320
6284,322
6294,324
6304,325
6315,327
6325,328
6336,330
6346,331
6356,333
6367,334
6377,336
6387,337
6398,338
6409,340
6419,341
6429,343
6439,344
6450,346
6460,347
6471,348
6481,349
6492,350
6502,351
6512,352
6522,352
6534,353
6544,354
6554,354
6564,355
6575,355
6585,355
6595,356
6606,356
6617,356
6627,356
6637,356
6647,356
6658,356
6669,355
6679,354
6689,354
6700,353
6710,352
6720,351
6731,350
6742,350
6752,349
6762,348
6772,347
6782,345
6793,343
6804,342
6814,341
6824,340
6835,338
6845,336
6855,335
6866,334
6877,332
6887,331
6897,329
6907,328
6918,326
6928,324
6939,323
6949,321
6960,320
6970,318
6980,317
6990,316
7002,315
7012,314
7022,312
7032,311
7043,310
7053,310
7064,309
7074,308
7085,308
7095,307
7105,307
7115,306
7126,306
7137,306
7147,306
7157,306
7168,307
7178,307
7188,307
7199,308
7209,308
7220,309
7230,310
7240,311
7250,312
7261,313
7272,314
7282,316
7292,317
7303,318
7313,319
7323,321
7334,322
7345,323
7355,325
7365,327
7375,329
7386,330
7397,332
7407,333
7417,335
7428,336
7438,337
7448,339
7458,340
7470,341
7480,343
7490,344
7500,346
7511,347
7521,348
7532,349
7542,350
7553,351
7563,352
7573,352
7583,353
7593,354
7605,354
7615,355
7625,355
7635,355
7646,355
7656,355
7667,355
7677,355
7688,355
7698,355
7708,355
7718,354
7730,354
7740,353
7750,352
7760,351
7771,350
7781,350
7791,349
7802,348
7813,347
7823,346
7833,345
7843,343
7854,341
7865,340
7875,339
7885,337
7896,336
7906,334
7916,333
7926,331
7938,330
7948,329
7958,327
7968,325
7979,323
7989,322
8000,320
8010,319
8020,317
8031,316
8041,315
8051,314
8062,313
8073,311
8083,310
8093,309
8103,309
8114,308
8124,307
8135,307
8145,307
8156,306
8166,306
8176,306
8186,306
8198,306
8208,306
8218,306
8228,307
8239,307
8249,308
8259,308
8270,309
8281,310
8291,311
8301,312
8311,313
8322,315
8333,316
8343,317
8353,319
8364,320
8374,321
8384,322
8395,324
8406,325
8416,327
8426,329
8436,331
8446,332
8457,334
8468,335
8478,337
8488,338
8499,339
8509,341
8519,342
8530,343
8541,345
8551,346
8561,347
8571,348
8582,350
8592,351
8603,351
8613,352
8624,353
8634,353
8644,354
8654,354
8666,355
8676,355
8686,356
8696,356
8707,356
8717,356
8728,355
8738,355
8749,355
8759,355
8769,354
8779,354
8790,353
8801,352
8811,351
8821,350
8832,349
8842,349
8852,347
8863,346
8873,345
8884,344
8894,343
8904,341
8914,340
8925,338
8936,337
8946,335
8956,333
8967,332
8977,330
8987,329
8998,328
9009,326
9019,325
9029,323
9039,321
9050,320
9061,318
9071,317
9081,316
9092,315
9102,314
9112,313
9122,312
9134,311
9144,310
9154,309
9164,308
9175,307
9185,307
9196,307
9206,306
9217,306
9227,306
9237,306
9247,306
9259,306
9269,307
9279,307
9289,307
9299,308
9310,309
9320,310
9331,310
9341,311
9352,312
9362,313
9372,315
9382,316
9394,318
9404,319
9414,320
9424,322
9435,323
9445,325
9455,326
9466,327
9477,329
9487,331
9497,332
9507,334
9518,335
9529,337
9539,338
9549,340
9560,341
9570,342
9580,343
9590,345
9602,346
9612,347
9622,348
9632,349
9643,350
9653,351
9664,352
9674,352
9684,353
9695,353
9705,354
9715,354
9726,355
9737,355
9747,355
9757,355
9767,355
9778,355
9788,355
9799,354
9809,354
9820,354
9830,353
9840,352
9850,352
9862,351
9872,350
9882,349
9892,348
9903,347
9913,346
9923,344
9934,343
9945,342
9955,341
9965,339
9975,337
9986,336
9997,334
10007,333
10018,330
10030,328
10041,327
10052,326
10064,326
10076,324
10087,323
10098,322
10109,319
10121,317
10133,316
10144,314
10156,313
10167,312
10178,310
10189,309
10202,308
10213,308
10224,307
10235,306
10247,306
10259,306
10270,305
10281,305
10293,305
10304,306
10315,306
10328,307
10339,307
10350,308
10361,309
10373,310
10384,311
10396,312
10407,313
10419,314
10430,316
10441,317
10452,319
10465,320
10476,322
10487,323
10499,325
10510,327
10521,329
10533,331
10545,332
10556,333
10567,335
10578,337
10591,338
10602,340
10613,341
10625,343
10636,344
10647,345
10659,347
10671,348
10682,350
10693,350
10704,351
10716,352
10728,353
10739,354
10750,354
10762,354
10773,355
10784,355
10797,355
10808,355
10819,355
10830,355
10842,355
10853,354
10865,354
10876,353
10888,353
10899,352
10910,351
10921,350
10934,349
10945,348
10956,347
10968,346
10979,345
10991,343
11002,342
11014,341
11025,339
11036,338
11047,336
11060,335
11071,333
11082,331
11094,329
11105,327
11116,326
11128,324
11140,322
11151,321
11162,319
11173,317
11185,316
11197,314
11208,314
11219,312
11231,311
11242,310
11253,309
11266,309
11277,308
11288,307
11299,307
11311,306
11323,307
11334,306
11345,306
11357,306
11368,307
11379,307
11392,308
11403,308
11414,310
11425,311
11437,312
11448,313
11460,314
11471,315
11483,317
11494,318
11505,319
11516,320
11529,322
11540,324
11551,325
11563,327
11574,329
11585,331
11597,332
11609,334
11620,336
11631,337
11642,339
11654,340
11666,342
11677,344
11688,345
11700,346
11711,347
11723,348
11735,350
11746,350
11757,352
11768,353
11780,353
11792,354
11803,354
11814,355
11826,355
11837,355
11848,356
11860,356
11872,356
11883,356
11894,355
11906,355
11917,354
11929,354
11940,353
11952,352
11963,352
11974,350
11985,349
11998,348
12009,347
12020,346
12032,344
12043,342
12055,341
12066,340
12078,338
12089,337
12100,335
12111,333
12124,331
12135,329
12146,328
12157,326
12169,325
12180,323
12192,321
12204,320
12215,318
12226,317
12237,316
12249,314
12261,313
12272,312
12283,311
12295,310
12306,309
12317,309
12329,308
12341,307
12352,307
12363,306
12375,307
12386,306
12398,306
12409,306
12421,307
12432,308
12443,308
12455,309
12467,309
12478,310
12489,312
12500,312
12512,314
12524,315
12535,316
12547,318
12558,319
12569,321
12580,323
12593,325
12604,326
12615,328
12626,329
12638,331
12649,333
12661,335
12673,336
12684,338
12695,340
12706,341
12718,342
12730,344
12741,346
12752,347
12764,348
12775,349
12787,351
12798,351
12810,352
12821,353
12832,353
12844,354
12856,354
12867,355
12878,355
12890,355
12901,355
12912,355
12924,355
12936,355
12947,354
12958,354
12969,353
12981,353
12993,352
13004,351
13016,351
13027,349
13038,348
13049,347
13062,346
13073,345
13084,343
13095,341
13107,340
13118,338
13130,337
13142,336
13153,333
13164,332
13175,330
13188,329
13199,327
13210,325
13221,324
13233,322
13244,321
13256,319
13267,318
13279,317
13290,315
13301,313
13313,312
13325,311
13336,310
13347,309
13359,308
13370,308
13381,307
13393,307
13405,306
13416,306
13427,306
13438,306
13450,307
13462,307
13473,307
13485,308
13496,309
13507,309
13519,310
13531,311
13542,312
13553,313
13564,315
13576,316
13588,317
13599,319
13611,320
13622,322
13633,324
13644,325
13657,327
13668,328
13679,330
13690,332
13702,334
13713,336
13725,337
13736,338
13748,340
13759,341
13770,343
13782,345
13794,346
13805,347
13816,348
13828,349
13839,351
13850,351
13862,353
13874,353
13885,354
13896,355
13907,355
13920,355
13931,355
13942,356
13954,356
13965,355
13976,355
13988,355
14000,354
14011,354
14022,353
14033,353
14045,352
14057,351
14068,350
14080,349
14091,348
14102,347
14113,345
14126,344
14137,342
14148,341
14159,339
14171,338
14182,336
14194,335
14205,333
14217,331
14228,329
14239,328
14252,326
14263,324
14274,323
14285,321
14297,320
14308,318
14320,316
14331,315
14343,314
14354,313
14365,311
14376,310
14389,310
14400,309
14411,308
14423,307
14434,307
14445,307
14457,306
14469,306
14480,306
14491,306
14502,307
14514,307
14526,307
14537,308
14548,308
14560,310
14571,311
14582,312
14595,313
14606,314
14617,316
14628,317
14640,318
14652,320
14663,322
14674,324
14686,325
14697,326
14708,329
14721,330
14732,332
14743,333
14754,335
14766,337
14777,338
14789,340
14800,342
14812,343
14823,345
14834,346
14845,347
14858,348
14869,349
14880,350
14892,351
14903,352
14914,353
14926,353
14938,354
14949,355
14960,355
14971,355
14984,355
14995,355
15006,356
15017,355
15029,355
15040,355
15052,354
15064,354
15075,353
15086,353
15097,352
15109,351
15121,350
15132,348
15143,348
15155,346
15166,344
15177,343
15190,341
15201,340
15212,339
15223,337
15235,335
15246,334
15258,332
15269,331
15281,329
15292,327
15303,326
15314,324
15327,322
15338,320
15349,319
15361,318
15372,316
15384,315
15395,313
15407,313
15418,311
15429,310
15440,310
15453,309
15464,308
15475,308
15486,307
15498,307
15509,307
15521,307
15533,307
15544,307
15555,308
15566,308
15578,308
15590,309
15601,309
15612,311
15624,312
15635,313
15646,314
15659,315
15670,317
15681,318
15692,319
15704,321
15716,322
15727,324
15738,326
15750,327
15761,330
15772,331
15784,333
15796,334
15807,336
15818,338
15830,339
15841,341
15853,342
15864,344
15876,345
15887,346
15898,347
15909,349
15922,350
15933,351
15944,352
15955,353
15967,354
15978,355
15990,355
16002,355
16013,356
16024,356
16035,356
16047,356
16059,356
16070,356
16081,356
16093,355
16104,355
16116,354
16128,353
16139,353
16150,351
16161,351
16173,350
16185,348
16196,347
16207,346
16219,345
16230,344
16241,342
16253,341
16265,339
16276,337
16287,336
16299,334
16310,332
16322,331
16333,328
16345,327
16356,325
16367,324
16378,322
16391,320
16402,319
16413,318
16424,316
16436,315
16448,314
16459,313
16471,312
16482,310
16493,309
16504,309
16517,308
16528,308
16539,307
16550,307
16562,307
16573,307
16585,307
16596,307
16608,308
16619,308
16630,309
16642,309
16654,310
16665,312
16676,313
16688,314
16699,315
16710,316
16722,318
16734,319
16745,321
16756,322
16768,323
16779,325
16791,327
16802,328
16814,330
16825,332
16836,334
16848,335
16860,336
16871,339
16882,340
16893,342
16905,343
16917,344
16928,346
16940,347
16951,348
16962,349
16973,350
16986,351
16997,352
17008,353
17019,354
17031,355
17042,355
17054,355
17065,356
17077,357
17088,356
17099,356
17111,356
17123,356
17134,356
17145,355
17157,355
17168,354
17180,353
17191,353
17203,351
17214,351
17225,349
17236,348
17249,347
17260,345
17271,344
17283,342
17294,340
17305,339
17317,337
17329,336
17340,334
17351,332
17362,331
17374,329
17386,327
17397,326
17409,324
17420,323
17431,321
17442,319
17455,318
17466,317
17477,316
17488,314
17500,313
17511,312
17523,311
17534,310
17546,309
17557,308
17568,308
17581,308
17592,307
17603,307
17614,306
17626,307
17637,307
17649,307
17660,308
17672,308
17683,309
17694,310
17705,310
17718,311
17729,312
17740,314
17752,315
17763,316
17774,317
17786,319
17798,321
17809,322
17820,323
17831,326
17843,327
17855,329
17866,330
17878,332
17889,334
17900,335
17912,337
17924,338
17935,340
17946,341
17957,343
17969,344
17981,346
17992,347
18003,348
18015,349
18026,350
18037,352
18050,352
18061,353
18072,354
18083,354
18095,355
18106,355
18118,355
18129,355
18141,355
18152,355
18163,355
18174,355
18187,355
18198,354
18209,353
18221,353
18232,352
18243,352
18255,350
18267,349
18278,348
18289,347
18300,346
18313,344
18324,343
18335,341
18347,339
18358,338
18369,336
18381,335
18393,334
18404,331
18415,330
18426,328
18438,327
18450,325
18461,323
18472,322
18484,320
18495,318
18506,317
18519,315
18530,314
18541,313
18552,311
18564,310
18575,309
18587,309
18598,308
18610,307
18621,307
18632,306
18644,306
18656,306
18667,306
18678,306
18690,306
18701,307
18713,307
18724,308
18736,309
18747,310
18758,311
18769,311
18782,312
18793,314
18804,315
18816,317
18827,318
18838,319
18850,321
18862,322
18873,324
18884,326
18895,327
18907,329
18919,331
18930,332
18941,334
18953,336
18964,338
18975,339
18988,340
18999,342
19010,343
19021,345
19033,346
19045,347
19056,349
19067,350
19079,351
19090,352
19101,353
19113,354
19125,354
19136,354
19147,355
19159,355
19170,355
19182,355
19193,355
19205,356
19216,355
19227,355
19238,354
19251,354
19262,353
19273,352
19284,352
19296,351
19307,349
19319,348
19331,347
19342,346
19353,345
19364,343
19377,342
19388,340
19399,338
19410,337
19422,335
19433,334
19445,332
19457,330
19468,329
19479,327
19490,326
19502,324
19514,322
19525,321
19536,319
19548,318
19559,317
19570,315
19582,314
19594,313
19605,311
19616,310
19628,309
19639,309
19651,308
19662,307
19674,307
19685,306
19696,307
19707,306
19720,306
19731,306
19742,306
19753,307
19765,308
19777,308
19788,309
19800,310
19811,311
19822,312
19833,313
19846,315
19857,316
19868,318
19879,319
19891,320
19902,322
19914,324
19926,326
19937,327
19948,328
19959,331
19971,332
19983,334
19994,336
20005,337
20017,339
20028,340
20039,342
20051,344
20063,345
20074,347
20085,348
20097,349
20109,351
20120,351
20131,353
20143,353
20154,354
20165,355
20177,355
20189,356
20200,356
20211,356
20222,357
20234,356
20246,357
20257,357
20269,356
20280,356
20291,355
20302,355
20315,354
20326,353
20337,352
20348,351
20360,350
20371,349
20383,348
20395,347
20406,345
20417,343
20428,342
20440,340
20452,339
20463,338
20474,336
20486,334
20497,332
20509,331
20520,329
20532,327
20543,326
20554,324
20566,322
20578,321
20589,319
20600,318
20612,317
20623,315
20634,314
20646,312
20658,312
20669,311
20680,310
20691,309
20703,308
20715,308
20726,307
20738,307
20749,307
20760,307
20771,307
20784,307
20795,307
20806,308
20817,309
20829,309
20841,310
20852,311
20864,312
20875,313
20886,315
20897,316
20910,317
20921,319
20932,320
20943,321
20955,323
20966,324
20978,326
20989,328
21001,329
21012,332
21023,333
21035,335
21047,336
21058,338
21069,340
21081,341
21092,343
21103,344
21115,345
21127,347
21138,348
21149,349
21160,351
21172,351
21184,352
21195,353
21207,354
21218,355
21229,355
21241,356
21253,356
21264,356
21275,356
21286,356
21298,356
21310,355
21321,355
21332,355
21344,354
21355,353
21366,353
21379,352
21390,351
21401,350
21412,349
21424,348
21435,346
21447,345
21458,344
21470,342
21481,341
21492,339
21504,338
21516,336
21527,334
21538,333
21550,331
21561,330
21573,328
21584,326
21596,325
21607,323
21618,322
21629,320
21642,318
21653,317
21664,316
21676,314
21687,313
21698,312
21710,311
21722,310
21733,309
21744,308
21755,308
21767,308
21779,307
21790,307
21801,307
21813,306
21824,307
21835,307
21848,308
21859,308
21870,309
21881,310
21893,311
21904,312
21916,313
21927,314
21939,315
21950,316
21961,318
21974,320
21985,321
21996,322
22007,324
22019,325
22030,327
22042,329
22053,330
22065,332
22076,334
22087,336
22098,337
22111,338
22122,341
22133,342
22145,343
22156,344
22167,345
22179,347
22191,348
22202,349
22213,350
22224,351
22236,352
22248,353
22259,353
22270,355
22282,355
22293,355
22305,355
22317,356
22328,356
22339,355
22350,356
22362,355
22374,355
22385,355
22396,354
22408,353
22419,352
22430,351
22443,351
22454,349
22465,349
22476,347
22488,346
22499,344
22511,343
22522,342
22534,340
22545,338
22556,337
22567,335
22580,333
22591,332
22602,330
22614,328
22625,327
22636,325
22648,323
22660,321
22671,320
22682,319
22693,317
22706,315
22717,314
22728,313
22739,312
22751,311
22762,310
22774,309
22786,308
22797,308
22808,307
22819,307
22831,307
22843,306
22854,306
22865,306
22877,307
22888,307
22899,308
22912,308
22923,308
22934,310
22945,310
22957,311
22968,312
22980,313
22991,315
23003,316
23014,318
23025,320
23037,321
23049,323
23060,324
23071,326
23083,328
23094,329
23106,331
23117,332
23129,334
23140,336
23151,337
23162,339
23175,341
23186,342
23197,344
23208,345
23220,346
23231,348
23243,349
23255,350
23266,351
23277,352
23288,353
23300,353
23312,354
23323,354
23334,355
23346,355
23357,355
23368,355
23380,356
23392,355
23403,355
23414,354
23426,354
23438,354
23449,353
23460,353
23472,352
23483,351
23494,350
23506,349
23518,348
23529,347
23540,345
23552,344
23563,342
23575,341
23586,339
23598,337
23609,336
23620,334
23631,333
23644,331
23655,329
23666,328
23677,326
23689,325
23700,323
23712,321
23724,320
23735,319
23746,317
23757,315
23770,314
23781,313
23792,312
23803,311
23815,310
23826,309
23838,309
23849,308
23861,307
23872,307
23883,306
23895,307
23907,307
23918,306
23929,307
23941,307
23952,308
23963,308
23975,309
23987,311
23998,311
24009,312
24020,313
24032,314
24044,316
24055,317
24067,319
24078,320
24089,321
24100,323
24113,325
24124,326
24135,328
24146,330
24158,332
24170,333
24181,335
24193,337
24204,338
24215,340
24226,341
24239,343
24250,344
24261,346
24272,347
24284,348
24295,349
24307,351
24318,351
24330,352
24341,353
24352,354
24364,355
24376,355
24387,355
24398,356
24410,356
24421,356
24432,356
24444,356
24456,356
24467,355
24478,355
24489,354
24502,353
24513,353
24524,351
24536,351
24547,350
24558,348
24570,347
24582,346
24593,345
24604,343
24615,341
24627,340
24639,339
24650,337
24662,336
24673,334
24684,332
24695,330
24708,328
24719,327
24730,325
24741,324
24753,322
24764,320
24776,319
24787,317
24799,316
24810,315
24821,313
24833,312
24845,311
24856,310
24867,309
24879,308
24890,308
24902,308
24913,307
24925,307
24936,306
24947,307
24958,307
24971,307
24982,307
24993,307
25005,308
25016,309
25027,310
25039,311
25051,312
25062,313
25073,314
25084,315
25096,317
25108,318
25119,320
25131,322
25142,323
25153,325
25164,327
25177,328
25188,330
25199,331
25210,334
25222,335
25234,337
25245,339
25256,340
25268,342
25279,343
25290,344
25303,346
25314,347
25325,349
25336,350
25348,351
25359,352
25371,353
25382,354
25394,354
25405,354
25416,355
25427,355
25440,356
25451,356
25462,356
25474,356
25485,356
25496,356
25508,356
25520,355
25531,355
25542,354
25553,353
25565,353
25577,352
25588,351
25600,350
25611,349
25622,347
25634,346
25646,345
25657,343
25668,341
25679,340
25691,338
25703,337
25714,335
25725,333
25737,332
25748,330
25759,328
25772,327
25783,325
25794,324
25805,322
25817,320
25828,319
25840,317
25851,316
25863,315
25874,313
25885,312
25896,311
25909,311
25920,310
25931,309
25943,308
25954,308
25966,307
25977,307
25989,307
26000,307
26011,307
26022,307
26035,308
26046,308
26057,309
26068,310
26080,310
26091,311
26103,312
26115,314
26126,315
26137,316
26148,317
26160,319
26172,321
26183,322
26194,323
26206,325
26217,327
26228,329
26241,330
26252,332
26263,334
26274,335
26286,337
26297,339
26309,340
26320,342
26332,343
26343,345
26354,346
26366,347
26378,349
26389,349
26400,351
26412,352
26423,353
26435,354
26446,354
26458,355
26469,356
26480,356
26491,356
26504,356
26515,356
26526,356
26537,356
26549,356
26560,355
26572,354
26584,354
26595,353
26606,352
26617,352
26629,350
26641,350
26652,348
26663,347
26675,346
26686,344
26698,343
26710,342
26721,340
26732,339
26743,337
26755,336
26767,334
26778,332
26789,330
26801,329
26812,327
26823,326
26835,324
26847,323
26858,321
26869,320
26881,318
26892,316
26904,316
26915,314
26927,313
26938,312
26949,310
26960,310
26973,309
26984,308
26995,307
27006,307
27018,307
27029,307
27041,307
27053,307
27064,307
27075,308
27086,308
27099,308
27110,309
27121,310
27132,311
27144,312
27155,313
27167,314
27179,316
27190,317
27201,318
27212,320
27224,322
27236,323
27247,325
27258,326
27270,328
27281,330
27292,331
27304,333
27316,335
27327,336
27338,338
27350,339
27361,341
27373,343
27384,344
27396,346
27407,346
27418,347
27430,349
27442,350
27453,351
27464,352
27475,352
27487,353
27499,354
27510,354
27522,355
27533,355
27544,356
27555,355
27568,356
27579,356
27590,355
27601,355
27613,355
27624,355
27636,354
27648,353
27659,353
27670,352
27681,351
27693,350
27705,348
27716,347
27727,346
27739,344
27750,343
27762,341
27773,340
27785,338
27796,336
27807,335
27819,333
27831,332
27842,330
27853,328
27865,327
27876,325
27887,323
27899,321
27911,320
27922,318
27933,317
27944,315
27956,314
27968,313
27979,312
27991,311
28002,310
28013,309
28024,308
28037,308
28048,307
28059,307
28070,307
28082,307
28093,307
28105,307
28116,307
28128,308
28139,308
28150,308
28163,309
28174,310
28185,311
28196,312
28208,313
28219,314
28231,316
28242,317
28254,319
28265,320
28276,322
28288,323
28300,325
28311,327
28322,328
28334,330
28345,332
28356,334
28368,335
28380,337
28391,339
28402,340
28413,342
28425,343
28437,345
28448,346
28460,347
28471,349
28482,350
28493,351
28506,352
28517,353
28528,353
28539,355
28551,355
28563,355
28574,355
28585,356
28597,356
28608,356
28619,356
28632,356
28643,355
28654,355
28665,354
28677,354
28688,354
28700,353
28711,352
28723,351
28734,350
28745,349
28756,347
28769,346
28780,345
28791,343
28803,342
28814,340
28825,339
28837,338
28849,335
28860,334
28871,332
28882,331
28895,329
28906,327
28917,326
28929,324
28940,323
28951,321
28963,319
28975,318
28986,317
28997,315
29008,314
29020,313
29032,312
29043,311
29054,310
29066,309
29077,308
29088,308
29101,308
29112,307
29123,307
29134,306
29146,307
29157,307
29169,307
29180,308
29192,308
29203,309
29214,310
29227,311
29238,312
29249,313
29260,314
29272,315
29283,317
29295,319
29306,320
29318,321
29329,323
29340,324
29351,326
29364,327
29375,329
29386,331
29398,333
29409,335
29420,336
29432,337
29444,339
29455,341
29466,342
29477,343
29489,344
29501,346
29512,347
29523,348
29535,350
29546,350
29557,352
29570,352
29581,353
29592,354
29603,354
29615,355
29627,355
29638,356
29649,356
29661,356
29672,356
29683,355
29696,355
29707,355
29718,354
29729,354
29741,353
29752,352
29764,351
29775,350
29787,349
29798,348
29809,346
29820,345
29833,344
29844,343
29855,342
29867,340
29878,338
29889,337
29901,335
29913,333
29924,331
29935,330
29946,328
29958,326
29970,324
29981,323
29992,321
30004,320
30015,318
30027,317
30039,315
30050,314
30061,313
30072,312
30084,311
30096,310
30107,309
30118,308
30130,307
30141,307
30152,307
30164,307
30176,306
30187,306
30198,307
30210,307
30221,307
30233,307
30244,308
30256,309
30267,310
30278,311
30289,312
30302,313
30313,314
30324,315
30336,317
30347,319
30359,320
30370,322
30382,323
30393,325
30404,327
30415,328
30428,330
30439,331
30450,333
30461,335
30473,336
30484,338
30496,340
30508,341
30519,343
30530,344
30541,346
30553,348
30565,348
30576,350
30587,350
30599,351
30610,353
30621,353
30633,354
30645,354
30656,355
30667,355
30679,355
30690,356
30702,356
30713,355
30725,356
30736,355
30747,355
30759,355
30771,354
30782,353
30793,352
30804,352
30816,351
30828,350
30839,349
30851,348
30862,346
30873,345
30884,343
30897,342
30908,341
30919,339
30930,337
30942,335
30953,334
30965,333
30977,330
30988,329
30999,327
31010,326
31022,324
31034,323
31045,321
31056,320
31068,318
31079,317
31091,315
31102,314
31114,313
31125,311
31136,310
31148,309
31160,309
31171,308
31182,307
31194,307
31205,307
31216,307
31228,307
31240,306
31251,307
31262,307
31273,308
31285,308
31297,308
31308,310
31320,310
31331,311
31342,312
31353,313
31366,315
31377,316
31388,318
31399,319
31411,320
31423,322
31434,324
31446,325
31457,327
31468,329
31479,331
31492,332
31503,334
31514,336
31525,337
31537,339
31548,340
31560,341
31571,343
31583,344
31594,346
31605,347
31617,348
31629,350
31640,351
31651,352
31663,353
31674,353
31685,354
31697,354
31709,355
31720,356
31731,355
31742,356
31754,355
31766,355
31777,355
31789,355
31800,355
31811,354
31823,353
31835,353
31846,352
31857,351
31868,350
31880,349
31892,348
31903,346
31915,345
31926,344
31937,342
31948,341
31961,340
31972,338
31983,337
31994,335
32006,334
32017,332
32029,330
32040,328
32052,326
32063,325
32074,324
32086,321
32098,320
32109,319
32120,317
32132,316
32143,314
32154,314
32166,312
32178,311
32189,310
32200,309
32211,309
32224,308
32235,307
32246,307
32258,306
32269,307
32280,307
32292,307
32304,307
32315,307
32326,308
32337,308
32349,309
32361,310
32372,311
32384,312
32395,313
32406,314
32417,316
32430,317
32441,319
32452,320
32463,322
32475,324
32486,325
32498,327
32509,328
32521,330
32532,332
32543,333
32556,335
32567,337
32578,338
32589,340
32601,341
32612,343
32624,345
32635,346
32647,347
32658,348
32669,349
32680,350
32693,351
32704,352
32715,353
32727,353
32738,354
32749,354
32761,355
32773,356
32784,355
32795,356
32806,355
32818,355
32830,356
32841,355
32852,355
32864,354
32875,354
32886,353
32899,352
32910,351
32921,350
32932,349
32944,348
32956,346
32967,345
32978,344
32990,342
33001,340
33012,339
33025,338
33036,336
33047,334
33058,333
33070,331
33081,329
33093,328
33104,326
33116,325
33127,323
33138,321
33149,319
33162,317
33173,316
33184,315
33196,313
33207,312
33218,311
33230,310
33242,309
33253,308
33264,308
33275,307
33288,307
33299,307
33310,306
33321,307
33333,307
33344,307
33356,307
33368,307
33379,308
33390,309
33401,309
33413,310
33425,311
33436,312
33447,313
33459,314
33470,316
33481,317
33494,319
33505,320
33516,322
33527,324
33539,325
33550,327
33562,328
33573,330
33585,332
33596,334
33607,335
33618,337
33631,338
33642,340
33653,342
33665,343
33676,345
33688,346
33699,347
33711,348
33722,349
33733,351
33744,351
33757,353
33768,353
33779,354
33790,355
33802,355
33813,355
33825,355
33837,355
33848,356
33859,355
33870,355
33882,355
33894,354
33905,354
33916,353
33928,353
33939,352
33950,351
33963,350
33974,349
33985,348
33996,347
34008,346
34020,344
34031,343
34042,341
34054,340
34065,338
34076,337
34088,335
34100,333
34111,332
34122,330
34134,328
34145,327
34157,325
34168,324
34180,322
34191,320
34202,319
34213,317
34226,316
34237,315
34248,313
34259,312
34271,311
34282,310
34294,309
34306,308
34317,308
34328,307
34339,307
34351,307
34363,306
34374,306
34385,306
34397,307
34408,307
34420,307
34432,308
34443,309
34454,310
34465,311
34477,312
34489,313
34500,314
34511,316
34523,317
34534,318
34545,320
34557,321
34569,323
34580,324
34591,326
34603,328
34614,329
34626,331
34637,333
34649,335
34660,337
34671,338
34682,339
34695,341
34706,343
34717,344
34728,345
34740,346
34752,348
34763,349
34775,350
34786,351
34797,351
34808,352
34821,353
34832,354
34843,355
34854,355
34866,355
34877,355
34889,355
34900,356
34912,355
34923,355
34934,355
34946,354
34958,354
34969,353
34980,353
34992,352
35003,350
35014,350
35026,348
35038,348
35049,346
35060,344
35072,343
35084,342
35095,341
35106,339
35118,337
35129,336
35140,334
35152,332
35164,331
35175,329
35186,328
35197,326
35209,324
35221,322
35232,321
35244,320
35255,318
35266,316
35277,315
35290,314
35301,313
35312,312
35323,310
35335,310
35346,309
35358,308
35369,307
35381,307
35392,307
35403,307
35415,306
35427,306
35438,306
35449,307
35461,307
35472,308
35484,308
35495,309
35507,310
35518,311
35529,312
35540,313
35553,314
35564,316
35575,317
35587,318
35598,320
35609,322
35621,324
35633,325
35644,326
35655,329
35666,330
35678,332
35690,333
35701,335
35713,337
35724,338
35735,340
35746,342
35759,343
35770,345
35781,346
35792,347
35804,349
35815,350
35827,351
35838,352
35850,352
35861,353
35872,354
35885,355
35896,355
35907,355
35918,355
35930,355
35941,355
35953,356
35964,355
35976,355
35987,354
35998,354
36009,354
36022,353
36033,352
36044,351
36056,351
36067,350
36078,349
36090,348
36102,346
36113,345
36124,343
36135,342
36147,341
36159,339
36170,337
36182,335
36193,333
36204,332
36216,330
36228,328
36239,327
36250,325
36261,324
36273,322
36285,321
36296,319
36307,318
36319,316
36330,315
36341,313
36354,312
36365,311
36376,310
36387,309
36399,308
36410,308
36422,307
36433,307
36445,307
36456,306
36467,307
36478,306
36491,306
36502,307
36513,308
36525,308
36536,308
36547,309
36559,311
36571,311
36582,313
36593,313
36604,315
36617,316
36628,318
36639,319
36651,321
36662,322
36673,324
36685,325
36697,327
36708,329
36719,330
36730,332
36742,334
36754,335
36765,337
36776,339
36788,341
36799,342
36810,343
36823,345
36834,346
36845,347
36856,349
36868,350
36879,351
36891,352
36902,352
36914,354
36925,354
36936,355
36948,355
36960,355
36971,356
36982,355
36994,355
37005,355
37017,355
37028,355
37040,354
37051,354
37062,353
37073,352
37086,352
37097,350
37108,350
37120,349
37131,347
37142,346
37154,344
37166,343
37177,342
37188,340
37199,339
37211,337
37223,336
37234,334
37245,332
37257,331
37268,329
37279,327
37292,326
37303,324
37314,323
37325,321
37337,319
37349,318
37360,316
37371,315
37383,314
37394,312
37405,312
37417,310
37429,309
37440,309
37451,308
37463,308
37474,307
37486,307
37497,306
37509,306
37520,307
37531,306
37542,306
37555,306
37566,307
37577,308
37588,308
37600,309
37611,310
37623,311
37635,313
37646,314
37657,315
37668,317
37681,319
37692,320
37703,322
37714,323
37726,325
37737,327
37749,328
37761,330
37772,331
37783,333
37794,335
37806,337
37818,339
37829,340
37840,342
37852,343
37863,344
37874,346
37886,347
37898,348
37909,349
37920,350
37932,351
37943,352
37955,353
37966,353
37978,354
37989,354
38000,354
38011,355
38024,356
38035,355
38046,355
38057,355
38069,355
38081,355
38092,354
38104,353
38115,353
38126,352
38137,351
38150,350
38161,349
38172,348
38183,347
38195,346
38206,344
38218,343
38230,342
38241,340
38252,338
38263,337
38275,335
38287,334
38298,332
38309,330
38321,328
38332,327
38343,325
38355,323
38367,322
38378,320
38389,318
38401,317
38413,315
38424,314
38435,313
38447,311
38458,311
38469,309
38481,309
38493,308
38504,307
38515,307
38526,306
38538,306
38550,306
38561,306
38573,306
38584,307
38595,307
38606,307
38619,307
38630,309
38641,309
38652,310
38664,311
38675,312
38687,314
38699,315
38710,316
38721,317
38732,319
38745,321
38756,322
38767,323
38778,326
38790,327
38801,329
38813,330
38824,332
38836,334
38847,335
38858,337
38870,339
38882,340
38893,342
38904,343
38916,345
38927,346
38938,347
38950,349
38962,349
38973,350
38984,352
38995,352
39007,353
39019,354
39030,354
39042,355
39053,355
39064,356
39075,355
39088,355
39099,355
39110,355
39121,355
39133,354
39145,353
39156,353
39168,352
39179,351
39190,351
39201,349
39214,349
39225,347
39236,346
39247,345
39259,344
39270,342
39282,341
39293,339
39305,338
39316,336
39327,335
39339,333
39351,331
39362,329
39373,327
39385,326
39396,325
39407,323
39419,321
39431,320
39442,318
39453,317
39464,315
39476,314
39488,313
39499,311
39511,310
39522,309
39533,309
39545,308
39557,307
39568,307
39579,306
39590,306
39602,306
39614,306
39625,306
39636,306
39648,307
39659,307
39670,308
39683,309
39694,310
39705,311
39716,312
39728,313
39739,315
39751,316
39762,317
39774,318
39785,320
39796,322
39808,323
39820,325
39831,326
39842,328
39854,330
39865,331
39877,333
39888,335
39900,336
39911,338
39922,339
39933,341
39946,343
39957,344
39968,345
39980,346
39991,347
40002,349
40014,350
40026,351
40037,352
40048,352
40059,353
40071,354
40083,354
40094,355
40105,355
40117,355
40128,355
40139,355
40152,355
40163,355
40174,354
40185,354
40197,353
40209,353
40220,352
40231,351
40243,350
40254,349
40265,348
40278,347
40289,346
40300,344
40311,342
40323,341
40334,339
40346,338
40357,337
40369,335
40380,333
40391,332
40402,330
40415,328
40426,326
40437,325
40449,323
40460,321
40471,320
40483,318
40495,317
40506,316
40517,314
40528,313
40540,311
40552,311
40563,310
40574,308
40586,308
40597,307
40609,307
40621,306
40632,306
40643,306
40654,306
40666,306
40678,306
40689,306
40700,307
40712,308
40723,308
40734,309
40747,310
40758,311
40769,312
40780,313
40792,314
40803,315
40815,317
40826,319
40838,320
40849,322
40860,324
40871,326
40884,327
40895,328
40906,331
40918,332
40929,334
40940,335
40952,336
40964,338
40975,340
40986,341
40997,343
41010,345
41021,346
41032,347
41043,348
41055,350
41066,351
41078,352
41090,352
41101,353
41112,353
41123,354
41135,354
41147,355
41158,355
41169,355
41181,355
41192,355
41203,355
41216,354
41227,354
41238,353
41249,353
41261,352
41272,351
41284,351
41295,349
41307,349
41318,348
41329,346
41341,345
41353,344
41364,342
41375,341
41387,339
41398,338
41410,336
41421,334
41433,332
41444,331
41455,329
41466,328
41479,326
41490,324
41501,323
41512,321
41524,320
41535,318
41547,317
41559,315
41570,313
41581,312
41592,311
41604,310
41616,309
41627,308
41638,308
41650,307
41661,307
41672,306
41684,306
41696,306
41707,306
41718,306
41730,306
41742,307
41753,308
41764,308
41776,309
41787,309
41798,310
41810,312
41822,313
41833,314
41844,315
41856,316
41867,318
41879,319
41890,321
41902,323
41913,324
41924,326
41935,327
41948,329
41959,331
41970,333
41981,335
41993,336
42004,337
42016,339
42028,341
42039,342
42050,344
42061,345
42074,346
42085,347
42096,349
42107,350
42119,350
42130,352
42142,352
42153,353
42165,354
42176,354
42187,354
42199,355
42211,355
42222,355
42233,355
42245,355
42256,354
42267,354
42279,354
42291,353
42302,353
42313,352
42324,350
42336,350
42348,348
42359,347
42371,346
42382,344
42393,343
42405,342
42417,341
42428,340
42439,338
42450,336
42462,335
42474,333
42485,332
42497,330
42508,328
42519,327
42530,324
42543,323
42554,321
42565,320
42576,319
42588,317
42599,316
42611,314
42622,313
42634,312
42645,311
42656,310
42668,309
42680,308
42691,307
42702,306
42714,307
42725,306
42736,306
42748,305
42760,305
42771,306
42782,306
42793,306
42806,307
42817,307
42828,309
42840,309
42851,310
42862,312
42874,313
42886,314
42897,315
42908,317
42919,319
42931,320
42943,322
42954,323
42966,325
42977,327
42988,329
42999,330
43012,332
43023,334
43034,336
43045,337
43057,339
43068,341
43080,342
43091,344
43103,345
43114,346
43125,347
43137,348
43149,350
43160,350
43171,351
43183,352
43194,353
43206,353
43217,354
43229,354
43240,355
43251,355
43262,355
43275,355
43286,355
43297,355
43309,354
43320,354
43331,354
43343,353
43355,352
43366,351
43377,351
43388,350
43400,348
43412,348
43423,346
43435,345
43446,344
43457,342
43468,341
43481,339
43492,337
43503,336
43514,334
43526,333
43538,331
43549,329
43560,328
43572,326
43583,324
43594,323
43607,321
43618,320
43629,318
43640,316
43652,315
43663,313
43675,312
43686,311
43698,310
43709,309
43720,308
43731,307
43744,307
43755,306
43766,306
43778,305
43789,305
43800,305
43812,305
43824,306
43835,306
43846,307
43857,307
43869,308
43881,310
43892,310
43904,311
43915,312
43926,313
43938,315
43950,316
43961,317
43972,319
43983,320
43995,322
44007,323
44018,325
44029,327
44041,329
44052,331
44063,332
44076,334
44087,336
44098,337
44109,339
44121,340
44132,342
44144,343
44155,344
44167,346
44178,347
44189,348
44200,350
44213,350
44224,351
44235,352
44247,353
44258,353
44270,354
44281,354
44293,355
44304,354
44315,355
44326,354
44339,354
44350,354
44361,354
44372,353
44384,353
44395,352
44407,351
44419,350
44430,350
44441,349
44452,348
44464,347
44476,345
44487,344
44498,343
44510,341
44521,340
44532,338
44545,336
44556,335
44567,333
44578,332
44590,330
44601,328
44613,326
44624,325
44636,324
44647,322
44658,320
44670,319
44682,317
44693,316
44704,315
44716,313
44727,312
44739,311
44750,309
44762,308
44773,307
44784,307
44795,307
44808,306
44819,306
44830,305
44841,306
44853,306
44864,306
44876,306
44888,306
44899,307
44910,308
44921,308
44933,309
44945,310
44956,312
44967,312
44979,314
44990,316
45002,317
45014,319
45025,320
45036,321
45047,323
45059,325
45071,326
45082,328
45093,329
45105,331
45116,333
45127,334
45139,337
45151,338
45162,340
45173,341
45185,342
45196,344
45208,345
45219,347
45231,348
45242,349
45253,350
45264,351
45277,352
45288,353
45299,353
45310,354
45322,354
45333,354
45345,355
45357,355
45368,355
45379,354
45390,355
45403,355
45414,354
45425,354
45436,353
45448,352
45459,352
45471,351
45483,350
45494,349
45505,347
45516,346
45528,344
45540,343
45551,342
45562,340
45574,339
45585,337
45596,336
45608,334
45620,332
45631,331
45642,329
45654,327
45665,325
45677,323
45688,322
45700,321
45711,318
45722,317
45734,315
45746,315
45757,313
45768,312
45779,311
45791,310
45803,309
45814,308
45826,307
45837,307
45848,306
45859,306
45872,306
45883,305
45894,306
45905,306
45917,306
45928,306
45940,306
45952,308
45963,308
45974,309
45985,309
45997,310
46009,312
46020,313
46031,314
46043,316
46054,317
46065,319
46077,320
46089,322
46100,324
46111,325
46123,327
46135,328
46146,330
46157,332
46169,334
46180,335
46191,337
46203,338
46215,340
46226,341
46237,343
46248,345
46260,346
46272,348
46283,348
46295,350
46306,351
46317,352
46328,353
46341,353
46352,353
46363,354
46374,354
46386,355
46397,355
46409,355
46420,355
46432,355
46443,355
46454,355
46467,354
46478,354
46489,353
46500,352
46512,352
46523,350
46535,349
46546,348
46558,347
46569,346
46580,344
46592,343
46604,342
46615,340
46626,339
46638,337
46649,336
46660,334
46672,332
46684,330
46695,329
46706,327
46717,325
46729,323
46741,322
46752,320
46764,319
46775,317
46786,315
46797,314
46810,313
46821,311
46832,310
46843,309
46855,309
46867,308
46878,307
46889,306
46901,306
46912,306
46923,306
46936,305
46947,305
46958,305
46969,306
46981,306
46992,306
47004,307
47015,308
47027,309
47038,309
47049,310
47060,312
47073,313
47084,315
47095,316
47107,317
47118,319
47129,320
47141,322
47153,323
47164,325
47175,327
47186,328
47199,330
47210,332
47221,334
47233,336
47244,337
47255,338
47267,340
47279,341
47290,343
47301,344
47312,345
47324,346
47336,347
47347,348
47358,349
47370,350
47381,351
47392,351
47405,352
47416,353
47427,353
47438,353
47450,353
47461,353
47473,354
47484,353
47496,353
47507,352
47518,352
47529,351
47542,350
47553,350
47564,348
47576,347
47587,346
47599,345
47610,344
47622,343
47633,341
47644,339
47655,338
47668,337
47679,335
47690,333
47702,332
47713,330
47724,328
47736,327
47748,324
47759,323
47770,321
47781,319
47793,318
47805,316
47816,315
47827,314
47839,312
47850,311
47861,310
47874,308
47885,307
47896,306
47907,306
47919,305
47931,304
47942,303
47953,302
47965,303
47976,302
47987,302
48000,302
48011,302
48022,303
48033,303
48045,304
48056,304
48068,305
48079,306
48091,307
48102,308
48113,309
48124,311
48137,312
48148,313
48159,315
48171,317
48182,319
48193,321
48205,322
48217,324
48228,326
48239,327
48250,329
48262,331
48274,332
48285,334
48296,335
48308,337
48319,339
48331,340
48343,341
48354,342
48365,344
48376,345
48388,346
48400,347
48411,348
48422,349
48434,350
48445,350
48456,351
48468,351
48480,351
48491,352
48502,351
48514,352
48525,352
48537,351
48548,351
48560,350
48571,350
48582,350
48593,349
48606,348
48617,347
48628,346
48640,345
48651,344
48663,343
48674,341
48686,339
48697,338
48708,336
48719,335
48732,333
48743,331
48754,330
48765,328
48777,327
48788,325
48800,323
48812,322
48823,320
48834,318
48845,317
48857,315
48869,314
48880,312
48891,310
48903,309
48914,307
48925,307
48937,306
48949,304
48960,304
48971,303
48983,303
48995,302
49006,302
49017,302
49029,302
49040,302
49051,302
49063,302
49075,303
49086,303
49097,304
49108,304
49120,305
49132,307
49143,307
49155,308
49166,309
49177,310
49188,313
49201,314
49212,315
49223,317
49234,318
49246,321
49257,322
49269,324
49281,326
49292,328
49303,329
49314,330
49326,332
49338,334
49349,335
49360,337
49372,339
49383,340
49395,342
49406,342
49418,344
49429,345
49440,346
49452,347
49464,348
49475,349
49486,350
49498,350
49509,351
49520,351
49532,351
49544,352
49555,351
49566,351
49577,351
49589,350
49601,350
49612,350
49624,349
49635,349
49646,348
49657,347
49670,346
49681,345
49692,344
49703,343
49715,342
49727,340
49738,339
49750,338
49761,336
49772,334
49783,333
49796,331
49807,329
49818,328
49829,326
49841,325
49852,323
49864,321
49875,320
49887,319
49898,317
49909,315
49921,314
49933,312
49944,311
49955,310
49967,308
49978,308
49989,307
50001,305
50013,305
50024,304
50035,304
50046,303
50058,303
50070,303
50081,303
50093,303
50104,303
50115,304
50127,304
50139,304
50150,305
50161,306
50172,307
50184,308
50196,309
50207,311
50219,312
50230,313
50241,315
50252,317
50265,318
50276,320
50287,321
50298,323
50310,324
50321,326
50333,328
50344,329
50356,331
50367,332
50378,334
50390,336
50402,338
50413,340
50424,341
50436,342
50447,344
50458,345
50470,346
50482,347
50493,348
50504,349
50515,350
50528,351
50539,351
50550,352
50562,352
50573,352
50584,353
50596,353
50608,353
50619,353
50630,352
50641,352
50653,352
50665,351
50676,351
50688,350
50699,349
50710,348
50721,347
50734,346
50745,345
50756,343
50767,342
50779,341
50790,340
50802,338
50813,336
50825,335
50836,333
50847,332
50860,330
50871,328
50882,327
50893,325
50905,323
50916,321
50928,319
50939,318
50951,316
50962,314
50973,313
50984,311
50997,311
51008,309
51019,308
51031,307
51042,306
51053,305
51065,305
51077,304
51088,304
51099,303
51110,303
51122,303
51134,302
51145,303
51156,303
51168,304
51179,304
51190,304
51203,306
51214,306
51225,307
51236,308
51248,309
51260,311
51271,312
51282,313
51294,315
51305,316
51316,318
51329,319
51340,321
51351,323
51362,325
51374,327
51385,328
51397,329
51408,331
51420,333
51431,334
51442,336
51453,337
51466,339
51477,340
51488,342
51500,343
51511,344
51522,346
51534,346
51546,348
51557,349
51568,349
51579,350
51592,350
51603,351
51614,352
51625,352
51637,352
51648,352
51660,352
51672,352
51683,351
51694,351
51705,351
51717,350
51729,349
51740,348
51751,347
51763,347
51774,345
51785,344
51798,343
51809,342
51820,341
51831,339
51843,338
51854,336
51866,334
51877,333
51889,331
51900,330
51911,328
51922,326
51935,324
51946,322
51957,321
51969,320
51980,318
51992,316
52003,315
52015,313
52026,312
52037,310
52048,309
52061,308
52072,307
52083,306
52094,305
52106,304
52117,304
52129,303
52141,303
52152,302
52163,303
52174,303
52186,302
52198,303
52209,303
52220,304
52232,304
52243,305
52254,306
52267,307
52278,308
52289,309
52300,310
52312,312
52324,313
52335,315
52346,316
52358,317
52369,320
52380,321
52392,323
52404,324
52415,326
52426,328
52438,329
52449,331
52461,333
52472,335
52484,336
52495,338
52506,339
52517,341
52530,342
52541,344
52552,345
52563,346
52575,347
52586,348
52598,349
52610,350
52621,351
52632,351
52643,352
52655,352
52667,353
52678,353
52689,353
52701,353
52712,353
52724,353
52736,352
52747,352
52758,351
52769,351
52781,350
52793,349
52804,348
52815,347
52827,346
52838,345
52849,344
52861,343
52873,342
52884,340
52895,338
52907,337
52918,335
52930,334
52941,332
52953,330
52964,328
52975,327
52986,325
52999,323
53010,322
53021,320
53032,318
53044,317
53056,315
53067,314
53079,313
53090,311
53101,310
53112,309
53125,308
53136,307
53147,306
53158,305
53170,305
53181,304
53193,303
53204,303
53216,303
53227,303
53238,303
53250,303
53262,304
53273,305
53284,305
53296,306
53307,307
53318,307
53330,309
53342,310
53353,311
53364,313
53376,314
53387,315
53399,317
53410,318
53422,320
53433,322
53444,324
53456,325
53468,327
53479,329
53490,330
53501,332
53513,334
53525,335
53536,337
53548,338
53559,339
53570,341
53581,342
53594,344
53605,345
53616,346
53627,347
53639,348
53650,349
53662,350
53673,350
53685,351
53696,351
53707,351
53719,352
53731,351
53742,352
53753,351
53765,351
53776,351
53788,350
53799,350
53811,349
53822,349
53833,349
53844,347
53857,347
53868,345
53879,344
53891,343
53902,342
53913,341
53925,339
53937,337
53948,336
53959,334
53970,333
53982,331
53994,329
54005,328
54017,326
54028,325
54039,323
54050,321
54063,320
54074,318
54085,316
54096,315
54108,313
54119,312
54131,311
54142,309
54154,308
54165,307
54176,306
54189,305
54200,304
54211,304
54222,303
54234,303
54245,303
54257,302
54268,303
54280,303
54291,303
54302,303
54313,304
54326,305
54337,305
54348,306
54360,307
54371,308
54382,309
54394,310
54406,312
54417,313
54428,314
54439,316
54451,317
54463,319
54474,320
54486,322
54497,324
54508,325
54520,327
54532,329
54543,331
54554,333
54565,334
54577,336
54589,338
54600,339
54611,341
54623,342
54634,343
54645,345
54658,346
54669,347
54680,349
54691,349
54703,350
54714,351
54726,352
54737,353
54749,353
54760,353
54771,353
54782,353
54795,354
54806,353
54817,353
54829,353
54840,352
54851,352
54863,351
54875,351
54886,350
54897,348
54908,347
54921,346
54932,345
54943,344
54955,343
54966,341
54977,340
54989,339
55001,337
55012,335
55023,334
55034,332
55046,330
55058,329
55069,327
55080,325
55092,324
55103,322
55114,320
55127,318
55138,317
55149,316
55160,314
55172,313
55183,311
55195,310
55206,309
55218,308
55229,307
55240,306
55252,305
55264,305
55275,304
55286,304
55298,304
55309,303
55321,303
55332,303
55344,304
55355,304
55366,304
55377,305
55390,305
55401,307
55412,308
55424,309
55435,310
55446,311
55458,313
55470,314
55481,315
55492,317
55503,319
55515,320
55527,322
55538,323
55549,325
55561,327
55572,328
55583,330
55596,332
55607,334
55618,335
55629,336
55641,339
55653,340
55664,342
55675,342
55687,343
55698,345
55709,346
55721,347
55733,348
55744,348
55755,350
55767,350
55778,351
55790,351
55801,351
55813,352
55824,352
55835,352
55846,353
55859,352
55870,352
55881,352
55892,351
55904,351
55915,350
55927,350
55939,349
55950,348
55961,347
55972,345
55985,344
55996,343
56007,341
56018,340
56030,338
56041,337
56053,336
56065,334
56076,332
56087,330
56098,329
56110,327
56122,325
56133,324
56144,322
56156,320
56167,319
56178,317
56190,316
56202,315
56213,313
56224,312
56236,310
56247,310
56259,309
56270,307
56282,306
56293,306
56304,305
56315,305
56328,304
56339,304
56350,304
56361,303
56373,303
56385,303
56396,305
56408,305
56419,305
56430,306
56441,306
56454,308
56465,309
56476,310
56487,311
56499,312
56510,313
56522,315
56534,316
56545,318
56556,319
56567,321
56579,323
56591,324
56602,327
56613,328
56625,330
56636,331
56647,333
56659,335
56671,336
56682,338
56693,340
56705,341
56717,342
56728,343
56739,345
56751,346
56762,347
56773,349
56785,349
56797,350
56808,351
56819,352
56830,352
56842,353
56854,353
56865,354
56877,353
56888,353
56899,353
56910,353
56923,353
56934,352
56945,352
56956,351
56968,350
56979,349
56991,348
57003,348
57014,347
57025,345
57036,344
57048,343
57060,342
57071,341
57082,339
57094,338
57105,336
57117,334
57128,332
57140,331
57151,329
57162,328
57174,325
57186,324
57197,322
57208,321
57220,319
57231,317
57242,316
57254,315
57266,313
57277,312
57288,311
57299,310
57311,309
57323,307
57334,306
57346,306
57357,305
57368,305
57379,304
57392,304
57403,304
57414,304
57425,304
57437,304
57449,305
57460,305
57472,306
57483,307
57494,308
57505,309
57518,310
57529,311
57540,312
57551,313
57563,315
57574,317
57586,318
57597,319
57609,321
57620,323
57631,324
57643,326
57655,328
57666,329
57677,331
57689,333
57700,334
57711,336
57723,338
57735,339
57746,340
57757,342
57768,344
57780,345
57792,346
57803,347
57815,348
57826,349
57837,350
57849,351
57861,352
57872,352
57883,353
57894,353
57906,353
57918,354
57929,354
57940,354
57952,353
57963,353
57974,353
57987,353
57998,352
58009,351
58020,351
58032,350
58043,349
58055,348
58066,347
58078,345
58089,344
58100,343
58112,342
58124,340
58135,338
58146,337
58158,335
58169,334
58181,332
58192,330
58204,329
58215,327
58226,325
58237,324
58250,322
58261,321
58272,319
58284,317
58295,316
58306,314
58318,313
58330,312
58341,310
58352,310
58363,309
58375,308
58387,307
58398,306
58409,306
58421,305
58432,305
58443,305
58456,304
58467,305
58478,305
58489,305
58501,305
58512,306
58524,307
58535,308
58547,308
58558,309
58569,310
58582,312
58593,313
58604,314
58615,316
58627,317
58638,319
58650,320
58661,322
58673,324
58684,325
58695,327
58706,328
58719,330
58730,332
58741,333
58753,335
58764,337
58775,338
58787,340
58799,341
58810,343
58821,345
58832,346
58844,347
58856,348
58867,349
58878,350
58890,351
58901,352
58913,352
58925,353
58936,353
58947,353
58958,354
58970,354
58982,353
58993,354
59004,353
59016,353
59027,353
59038,352
59051,352
59062,351
59073,351
59084,350
59096,349
59107,348
59119,347
59130,345
59142,344
59153,342
59164,341
59175,340
59188,338
59199,337
59210,335
59222,333
59233,332
59244,329
59256,328
59268,326
59279,325
59290,323
59301,321
59314,320
59325,318
59336,316
59347,315
59359,313
59370,313
59382,311
59394,310
59405,309
59416,308
59427,307
59439,306
59451,305
59462,305
59473,304
59485,305
59496,304
59507,304
59520,305
59531,305
59542,305
59553,306
59565,306
59576,307
59588,308
59599,309
59611,310
59622,311
59633,313
59645,314
59657,315
59668,316
59679,318
59691,320
59702,321
59714,322
59725,324
59737,326
59748,328
59759,329
59770,331
59783,333
59794,334
59805,336
59816,337
59828,339
59839,341
59851,342
59863,343
59874,345
59885,346
59896,347
59908,348
59920,349
59931,350
59942,351
59954,352
59965,352
59977,353
59988,353
60000,353
60011,354
60022,354
60034,354
60046,354
