Time5,Brightness5
11,58
18,62
24,62
31,64
37,66
45,65
51,64
58,66
64,67
71,66
77,65
84,67
91,68
98,66
104,66
111,68
117,68
124,67
131,67
138,69
144,68
151,67
157,69
164,69
171,68
178,68
184,70
191,70
198,68
204,69
211,70
218,69
225,68
231,70
238,70
244,69
251,69
258,71
265,69
271,69
278,70
285,70
291,69
299,69
305,71
312,70
318,69
326,69
334,70
344,70
352,70
360,71
368,71
376,70
385,69
393,68
401,68
410,67
418,67
427,67
435,68
443,68
451,69
459,69
467,69
477,68
485,67
493,67
501,66
509,65
518,64
526,64
534,64
543,65
551,65
560,66
568,66
576,66
584,65
592,64
601,63
610,63
618,62
626,62
634,61
643,61
651,62
659,63
667,63
676,63
685,62
693,61
701,61
709,60
717,60
726,60
734,59
743,59
751,59
759,60
768,61
776,61
784,61
792,61
800,60
809,60
818,60
826,59
834,59
842,59
850,59
859,59
867,60
876,62
884,62
892,61
901,61
909,61
917,61
925,61
933,61
943,60
951,60
959,61
967,62
975,63
984,64
992,64
1000,64
1010,63
1019,63
1029,64
1038,64
1047,65
1056,64
1065,64
1076,65
1085,65
1094,66
1103,66
1113,66
1122,67
1131,66
1141,67
1150,67
1160,67
1169,68
1178,68
1187,68
1197,68
1207,69
1216,69
1225,68
1234,69
1244,69
1253,69
1262,69
1272,69
1282,70
1291,69
1300,70
1309,69
1318,70
1328,70
1337,69
1347,70
1356,69
1366,70
1375,70
1384,69
1393,70
1402,69
1413,69
1422,69
1431,69
1440,69
1449,68
1459,69
1468,68
1478,68
1487,68
1497,67
1506,68
1515,67
1524,67
1533,67
1544,66
1553,66
1562,65
1571,66
1581,65
1590,64
1599,65
1609,64
1618,65
1628,64
1637,63
1646,63
1655,62
1665,63
1675,62
1684,62
1693,62
1702,61
1712,62
1721,61
1730,61
1740,61
1750,60
1759,60
1768,60
1777,61
1786,60
1796,60
1806,59
1815,59
1824,60
1833,60
1843,60
1852,59
1861,59
1871,60
1881,59
1890,60
1899,60
1908,59
1917,60
1927,59
1936,61
1946,61
1955,60
1965,60
1974,60
1983,61
1992,61
2001,61
2012,61
2021,61
2030,62
2039,62
2049,63
2058,63
2067,63
2077,63
2086,63
2096,64
2105,64
2114,64
2123,65
2132,64
2143,66
2152,65
2161,66
2170,66
2180,66
2189,67
2198,66
2208,67
2217,67
2227,67
2236,68
2245,67
2254,68
2264,68
2274,68
2283,69
2292,68
2301,69
2311,68
2320,69
2329,69
2339,69
2349,70
2358,69
2367,69
2376,69
2385,69
2395,70
2405,69
2414,69
2423,69
2433,69
2442,70
2451,69
2460,69
2470,68
2480,69
2489,69
2498,68
2507,68
2516,68
2526,68
2535,67
2545,67
2554,67
2564,66
2573,67
2582,66
2591,66
2600,66
2611,65
2620,66
2629,65
2638,65
2648,64
2657,63
2666,64
2676,63
2685,64
2695,63
2704,62
2713,63
2722,62
2732,63
2742,62
2751,61
2760,61
2769,60
2779,61
2788,61
2797,61
2807,60
2817,60
2826,60
2835,60
2844,60
2853,60
2863,59
2873,59
2882,59
2891,60
2900,60
2910,59
2919,59
2928,59
2938,60
2948,60
2957,60
2966,60
2975,59
2984,60
2994,60
3004,61
3013,61
3022,60
3032,61
3041,61
3050,62
3059,62
3069,61
3079,62
3088,61
3097,63
3106,63
3116,63
3125,63
3135,63
3144,64
3153,64
3163,65
3172,65
3181,64
3190,65
3200,65
3210,66
3219,66
3228,66
3237,67
3247,66
3256,67
3265,67
3275,68
3284,68
3294,67
3303,68
3312,68
3321,69
3331,68
3341,68
3350,69
3359,69
3368,69
3378,68
3387,69
3396,70
3406,69
3416,70
3425,69
3434,69
3443,70
3452,69
3462,70
3472,69
3481,69
3490,69
3500,69
3509,69
3518,68
3527,69
3537,68
3547,68
3556,69
3565,67
3574,68
3584,67
3593,68
3603,67
3612,66
3621,67
3631,66
3640,66
3649,66
3658,65
3668,66
3678,65
3687,65
3696,64
3705,64
3715,64
3724,63
3733,64
3743,63
3752,63
3762,62
3771,62
3780,62
3789,62
3799,62
3809,62
3818,61
3827,61
3836,60
3846,61
3855,61
3864,60
3874,60
3884,59
3893,60
3902,60
3911,60
3920,59
3930,59
3940,59
3949,59
3958,60
3968,59
3977,59
3986,59
3995,59
4005,60
4015,60
4024,60
4033,59
4042,59
4051,61
4061,61
4071,61
4080,61
4089,60
4099,61
4108,61
4117,62
4126,62
4136,62
4146,63
4155,62
4164,63
4173,63
4183,63
4192,64
4202,64
4211,65
4220,65
4230,65
4239,65
4248,65
4257,66
4268,66
4277,67
4286,66
4295,66
4304,67
4314,67
4323,68
4332,67
4342,68
4352,69
4361,68
4370,69
4379,68
4388,69
4398,69
4408,69
4417,69
4426,69
4435,69
4445,69
4454,69
4463,70
4473,69
4483,69
4492,69
4501,69
4510,70
4519,69
4529,69
4539,69
4548,69
4557,69
4567,68
4576,69
4585,68
4594,68
4604,68
4614,67
4623,68
4632,67
4641,67
4651,67
4660,67
4670,67
4679,66
4688,66
4698,66
4707,66
4716,65
4725,64
4736,65
4745,64
4754,65
4763,64
4772,63
4782,63
4791,63
4801,63
4810,63
4819,62
4829,62
4838,61
4847,62
4856,61
4867,61
4876,61
4885,60
4894,61
4903,60
4913,61
4922,60
4931,59
4941,59
4951,59
4960,60
4969,60
4978,59
4987,59
4997,59
5007,60
5016,60
5025,59
5035,59
5044,59
5053,60
5062,60
5072,60
5082,60
5091,60
5100,60
5109,60
5118,61
5128,61
5138,61
5147,61
5156,61
5166,62
5175,62
5184,62
5193,62
5203,62
5213,63
5222,63
5231,64
5240,64
5250,64
5259,65
5269,65
5278,66
5287,65
5297,66
5306,66
5315,66
5324,67
5335,67
5344,67
5353,68
5362,67
5371,68
5381,68
5390,68
5400,68
5409,68
5419,69
5428,69
5437,69
5446,69
5455,69
5466,70
5475,69
5484,70
5493,69
5502,70
5512,70
5521,69
5530,70
5540,69
5550,70
5559,69
5568,69
5577,70
5586,69
5596,69
5606,69
5615,69
5624,69
5634,68
5643,69
5652,68
5661,68
5671,68
5681,67
5690,68
5699,67
5708,67
5718,67
5727,66
5737,67
5746,66
5755,66
5765,65
5774,65
5783,65
5792,64
5803,65
5812,64
5821,64
5830,63
5839,62
5849,63
5858,63
5868,63
5877,63
5886,62
5896,62
5905,61
5914,62
5923,61
5934,61
5943,60
5952,60
5961,61
5970,60
5980,60
5989,60
5999,59
6008,60
6018,60
6027,60
6036,60
6045,59
6054,59
6065,59
6074,60
6083,60
6092,60
6102,59
6111,59
6120,61
6129,60
6139,61
6149,60
6158,60
6167,61
6176,61
6185,62
6195,62
6205,61
6214,62
6223,62
6233,63
6242,63
6251,63
6260,63
6270,63
6280,64
6289,64
6298,65
6307,65
6317,64
6326,66
6336,65
6345,66
6354,66
6364,66
6373,67
6382,67
6391,67
6402,67
6411,67
6420,68
6429,68
6438,68
6448,68
6457,69
6467,69
6476,69
6486,69
6495,69
6504,69
6513,69
6522,69
6533,70
6542,69
6551,70
6560,69
6569,69
6579,70
6588,69
6598,70
6607,69
6617,70
6626,70
6635,69
6644,70
6653,69
6664,69
6673,69
6682,68
6691,69
6701,68
6710,68
6719,68
6728,68
6738,68
6748,67
6757,67
6766,67
6775,67
6785,66
6794,65
6804,66
6813,65
6822,66
6832,65
6841,64
6850,65
6859,64
6870,64
6879,64
6888,63
6897,63
6906,62
6916,63
6925,62
6935,62
6944,62
6953,61
6963,62
6972,61
6981,62
6990,61
7001,60
7010,60
7019,60
7028,61
7037,61
7047,60
7056,60
7066,59
7075,61
7085,60
7094,60
7103,60
7112,59
7121,60
7132,60
7141,60
7150,60
7159,60
7169,60
7178,60
7187,61
7197,61
7206,61
7216,61
7225,61
7234,62
7243,62
7252,62
7263,62
7272,62
7281,63
7290,63
7300,64
7309,64
7318,63
7328,64
7337,64
7347,65
7356,65
7365,65
7374,66
7384,65
7393,67
7403,66
7412,67
7421,67
7431,67
7440,68
7449,67
7458,68
7469,68
7478,68
7487,69
7496,68
7505,69
7515,69
7524,69
7534,70
7543,69
7553,70
7562,69
7571,70
7580,70
7589,70
7600,70
7609,69
7618,70
7627,70
7636,70
7646,70
7655,69
7665,70
7674,69
7684,70
7693,70
7702,69
7711,70
7720,69
7731,69
7740,69
7749,68
7758,69
7768,68
7777,68
7786,68
7796,67
7805,68
7815,67
7824,67
7833,67
7842,66
7852,66
7862,65
7871,66
7880,65
7889,65
7899,65
7908,64
7917,64
7926,64
7937,64
7946,64
7955,63
7964,63
7973,62
7983,63
7992,62
8002,62
8011,61
8020,61
8030,62
8039,61
8048,61
8057,61
8068,60
8077,61
8086,60
8095,61
8104,60
8114,60
8123,60
8133,60
8142,61
8152,61
8161,60
8170,60
8179,59
8188,61
8199,61
8208,61
8217,61
8226,60
8236,61
8245,61
8254,62
8264,62
8273,61
8283,62
8292,62
8301,63
8310,63
8320,63
8330,63
8339,63
8348,64
8357,64
8367,64
8376,64
8385,64
8395,65
8404,65
8414,66
8423,66
8432,66
8441,67
8451,66
8461,67
8470,67
8479,67
8488,68
8498,67
8507,68
8516,68
8525,69
8536,69
8545,68
8554,69
8563,69
8572,69
8582,69
8591,69
8601,70
8610,69
8620,70
8629,69
8638,70
8647,71
8656,70
8667,70
8676,69
8685,70
8694,70
8704,70
8713,70
8722,69
8732,70
8741,69
8751,69
8760,70
8769,69
8778,69
8787,68
8798,68
8807,69
8816,68
8825,68
8835,68
8844,68
8853,68
8863,67
8872,67
8882,66
8891,67
8900,66
8909,65
8919,66
8929,65
8938,65
8947,65
8956,64
8966,64
8975,63
8984,64
8994,63
9004,63
9013,63
9022,62
9031,62
9040,62
9050,62
9060,62
9069,61
9078,61
9088,61
9097,62
9106,61
9115,60
9124,60
9135,60
9144,61
9153,60
9162,60
9171,60
9181,60
9190,60
9200,60
9209,60
9219,60
9228,60
9237,60
9246,60
9255,61
9266,61
9275,61
9284,60
9293,60
9303,62
9312,62
9321,62
9331,62
9340,61
9350,63
9359,62
9368,63
9377,63
9387,63
9397,64
9406,63
9415,65
9424,64
9434,65
9443,65
9452,65
9462,66
9472,66
9481,66
9490,67
9499,66
9508,67
9518,67
9528,68
9537,67
9546,67
9555,68
9565,68
9574,69
9583,68
9593,69
9603,70
9612,69
9621,70
9630,69
9639,70
9649,70
9659,70
9668,70
9677,69
9687,70
9696,70
9705,70
9714,70
9723,70
9734,70
9743,69
9752,70
9761,70
9771,69
9780,70
9789,69
9799,69
9808,69
9818,69
9827,69
9836,68
9845,69
9854,68
9865,68
9874,68
9883,67
9892,68
9902,67
9911,67
9920,67
9930,66
9939,67
9949,66
9958,66
9967,65
9976,64
9986,65
9996,64
10005,65
10015,66
10025,64
10036,64
10046,63
10056,62
10067,62
10078,61
10088,61
10098,62
10108,63
10119,63
10130,62
10140,61
10150,61
10161,60
10171,60
10181,59
10192,59
10203,60
10213,61
10223,61
10233,61
10244,60
10254,60
10265,60
10275,60
10286,59
10296,59
10306,60
10316,62
10328,62
10338,62
10348,61
10358,61
10369,61
10379,61
10389,61
10400,61
10411,62
10421,64
10431,65
10441,65
10451,65
10463,64
10473,64
10483,64
10493,64
10504,64
10514,65
10525,67
10535,68
10546,68
10556,68
10566,67
10576,67
10587,66
10598,66
10608,67
10618,68
10629,69
10639,70
10649,71
10660,71
10671,70
10681,69
10691,69
10701,68
10712,69
10722,70
10733,70
10743,71
10754,71
10764,71
10774,71
10784,70
10796,69
10806,68
10816,68
10826,69
10836,70
10847,70
10858,71
10868,71
10878,70
10889,69
10899,68
10909,67
10919,67
10931,67
10941,67
10951,68
10961,68
10972,68
10982,67
10993,66
11003,65
11014,64
11024,64
11034,63
11044,64
11055,65
11066,66
11076,65
11086,64
11097,63
11107,63
11117,62
11128,61
11139,61
11149,61
11159,62
11169,63
11180,62
11191,61
11201,61
11211,60
11222,60
11232,60
11242,59
11252,59
11264,60
11274,61
11284,61
11294,61
11304,60
11315,60
11326,60
11336,60
11346,59
11357,60
11367,60
11377,62
11387,63
11399,62
11409,62
11419,62
11429,61
11440,61
11450,61
11461,62
11471,63
11482,64
11492,65
11502,65
11512,65
11524,65
11534,64
11544,64
11554,64
11565,64
11575,66
11585,67
11596,68
11607,69
11617,68
11627,68
11637,67
11648,67
11659,66
11669,67
11679,68
11689,69
11700,70
11710,71
11720,71
11731,70
11742,69
11752,69
11762,68
11772,69
11783,69
11794,70
11804,71
11814,71
11825,71
11835,71
11845,70
11856,69
11867,68
11877,68
11887,69
11897,69
11908,70
11918,70
11929,70
11939,70
11950,68
11960,67
11970,67
11980,66
11992,66
12002,67
12012,68
12022,68
12033,68
12043,67
12053,66
12064,65
12075,64
12085,63
12095,63
12105,64
12115,65
12127,65
12137,65
12147,64
12157,63
12168,62
12178,61
12189,61
12199,60
12210,60
12220,62
12230,62
12240,62
12251,61
12262,61
12272,60
12282,60
12293,59
12303,59
12313,59
12324,60
12335,61
12345,61
12355,61
12365,60
12376,60
12386,60
12397,60
12407,59
12418,60
12428,61
12438,62
12448,63
12460,62
12470,62
12480,62
12490,62
12500,62
12511,61
12522,62
12532,63
12542,65
12553,66
12563,66
12573,65
12583,65
12595,65
12605,64
12615,64
12625,65
12636,66
12646,67
12657,68
12667,69
12678,69
12688,68
12698,68
12708,67
12719,67
12730,67
12740,69
12750,69
12761,70
12771,71
12781,71
12792,70
12803,69
12813,69
12823,68
12833,69
12844,69
12855,70
12865,71
12875,71
12886,71
12896,71
12906,70
12916,69
12928,68
12938,68
12948,69
12958,69
12968,70
12979,70
12990,70
13000,69
13010,68
13021,67
13031,66
13041,66
13051,66
13063,67
13073,67
13083,68
13093,67
13104,66
13114,66
13125,65
13135,64
13146,63
13156,63
13166,63
13176,64
13188,65
13198,64
13208,63
13218,62
13229,62
13239,61
13249,61
13260,60
13271,60
13281,61
13291,62
13301,62
13312,61
13323,60
13333,60
13343,60
13353,59
13364,59
13374,59
13384,60
13395,61
13406,61
13416,61
13426,61
13436,60
13447,60
13458,60
13468,60
13478,60
13489,61
13499,62
13509,63
13520,63
13531,62
13541,62
13551,62
13561,62
13572,62
13582,62
13593,64
13603,65
13614,66
13624,66
13634,66
13644,65
13656,65
13666,65
13676,64
13686,65
13697,67
13707,68
13717,69
13728,69
13739,69
13749,68
13759,68
13769,67
13779,67
13791,68
13801,69
13811,70
13821,70
13832,71
13842,71
13853,70
13863,70
13874,69
13884,68
13894,69
13904,70
13915,70
13926,71
13936,71
13946,71
13957,71
13967,70
13977,69
13988,68
13999,68
14009,68
14019,69
14029,69
14040,70
14050,70
14061,69
14071,68
14082,67
14092,66
14102,65
14112,66
14124,66
14134,67
14144,67
14154,67
14164,66
14175,65
14186,64
14196,63
14206,63
14217,62
14227,63
14237,64
14247,64
14259,64
14269,63
14279,62
14289,61
14300,61
14310,60
14321,60
14331,60
14342,61
14352,62
14362,62
14372,61
14383,60
14394,60
14404,60
14414,59
14425,59
14435,59
14445,60
14456,61
14467,61
14477,61
14487,61
14497,60
14508,60
14519,60
14529,60
14539,60
14550,61
14560,63
14570,63
14580,63
14592,63
14602,63
14612,62
14622,62
14632,62
14643,63
14654,64
14664,65
14674,66
14685,67
14695,66
14705,66
14715,65
14727,65
14737,65
14747,65
14757,67
14768,68
14778,69
14789,70
14799,70
14810,69
14820,68
14830,68
14840,67
14852,68
14862,69
14872,70
14882,71
14893,71
14903,71
14913,70
14924,70
14935,69
14945,68
14955,69
14965,69
14976,70
14987,71
14997,71
15007,71
15017,70
15028,69
15038,68
15048,67
15059,67
15070,68
15080,69
15090,69
15100,70
15111,70
15122,69
15132,67
15142,66
15153,66
15163,65
15173,65
15184,66
15195,67
15205,67
15215,67
15225,65
15236,65
15246,64
15257,63
15267,62
15278,62
15288,62
15298,63
15308,64
15320,63
15330,63
15340,62
15350,61
15361,61
15371,60
15381,60
15392,60
15403,61
15413,62
15423,61
15433,61
15443,60
15455,60
15465,60
15475,59
15485,59
15496,59
15506,60
15517,61
15527,61
15538,61
15548,61
15558,61
15568,60
15579,60
15590,60
15600,60
15610,62
15621,63
15631,64
15641,64
15652,63
15663,63
15673,63
15683,63
15693,62
15704,63
15714,64
15725,66
15735,67
15746,67
15756,67
15766,66
15776,66
15788,66
15798,65
15808,66
15818,67
15828,68
15839,69
15850,70
15860,70
15870,69
15881,68
15891,68
15901,68
15911,68
15923,69
15933,70
15943,71
15953,71
15964,71
15974,71
15985,70
15995,69
16006,68
16016,69
16026,69
16036,70
16048,71
16058,71
16068,71
16078,70
16089,69
16099,68
16109,67
16120,67
16131,68
16141,68
16151,69
16161,70
16172,69
16183,68
16193,67
16203,66
16214,65
16224,65
16234,65
16244,65
16256,66
16266,67
16276,66
16286,65
16296,64
16307,63
16318,63
16328,62
16338,61
16349,62
16359,63
16369,63
16379,63
16391,62
16401,62
16411,61
16421,60
16432,60
16442,60
16453,60
16463,61
16474,61
16484,61
16494,61
16504,60
16516,60
16526,60
16536,59
16546,59
16557,59
16567,60
16577,61
16588,62
16599,61
16609,61
16619,61
16629,61
16640,60
16651,60
16661,61
16671,62
16681,63
16692,64
16702,64
16712,64
16723,63
16734,63
16744,63
16754,63
16764,63
16775,65
16786,66
16796,67
16806,68
16817,67
16827,67
16837,66
16848,66
16859,66
16869,66
16879,68
16889,69
16900,70
16910,70
16921,70
16931,69
16942,69
16952,68
16962,68
16972,68
16984,69
16994,70
17004,71
17014,71
17025,71
17035,71
17045,70
17056,69
17067,68
17077,69
17087,69
17097,70
17107,71
17119,71
17129,71
17139,70
17149,69
17160,68
17170,67
17181,67
17191,68
17202,68
17212,69
17222,69
17232,69
17243,68
17254,67
17264,66
17274,65
17285,64
17295,64
17305,65
17316,66
17327,66
17337,66
17347,65
17357,64
17368,63
17378,62
17389,61
17399,61
17410,61
17420,62
17430,63
17440,62
17452,61
17462,60
17472,60
17482,59
17492,59
17503,59
17514,59
17524,60
17534,61
17545,61
17555,61
17565,61
17575,61
17587,61
17597,61
17607,61
17617,62
17628,63
17638,64
17649,64
17659,64
17670,64
17680,64
17690,63
17700,63
17711,63
17722,64
17732,65
17742,66
17753,67
17763,67
17773,67
17784,66
17795,66
17805,66
17815,66
17825,66
17836,68
17847,69
17857,70
17867,70
17878,70
17888,69
17898,69
17908,68
17920,68
17930,69
17940,70
17950,71
17960,72
17971,73
17982,73
17992,72
18002,71
18013,71
18023,70
18033,71
18043,72
18055,72
18065,73
18075,73
18085,73
18096,73
18106,72
18117,71
18127,70
18138,71
18148,71
18158,72
18168,73
18180,73
18190,73
18200,72
18210,71
18221,70
18231,69
18241,69
18252,69
18263,70
18273,70
18283,71
18293,70
18304,69
18315,68
18325,67
18335,66
18345,65
18356,65
18366,66
18376,66
18387,67
18398,66
18408,65
18418,64
18428,64
18439,63
18450,62
18460,62
18470,62
18481,63
18491,64
18501,63
18512,63
18523,62
18533,62
18543,61
18553,61
18564,60
18574,60
18585,61
18595,62
18606,62
18616,62
18626,61
18636,61
18648,60
18658,60
18668,60
18678,60
18689,62
18699,63
18709,63
18720,63
18731,62
18741,62
18751,62
18761,62
18771,62
18783,63
18793,64
18803,66
18813,67
18824,67
18834,67
18845,66
18855,66
18866,66
18876,66
18886,67
18896,68
18907,69
18918,70
18928,71
18938,71
18949,70
18959,70
18969,69
18980,69
18991,70
19001,71
19011,72
19021,73
19032,74
19042,74
19053,73
19063,72
19074,71
19084,71
19094,72
19104,73
19116,73
19126,74
19136,74
19146,74
19156,74
19167,73
19178,72
19188,71
19198,71
19209,72
19219,73
19229,73
19239,74
19251,74
19261,73
19271,72
19281,71
19292,70
19302,70
19313,70
19323,71
19334,71
19344,72
19354,71
19364,70
19376,69
19386,69
19396,68
19406,67
19417,67
19427,68
19437,68
19448,69
19459,68
19469,67
19479,66
19489,66
19500,65
19511,65
19521,64
19531,64
19542,65
19552,66
19562,65
19572,65
19584,64
19594,64
19604,63
19614,63
19624,63
19635,63
19646,64
19656,65
19666,64
19677,64
19687,64
19697,63
19707,63
19719,63
19729,63
19739,63
19749,64
19760,65
19770,66
19781,65
19791,65
19802,65
19812,65
19822,65
19832,64
19844,65
19854,66
19864,68
19874,68
19885,68
19895,68
19905,68
19916,67
19927,67
19937,67
19947,68
19957,69
19968,70
19979,71
19989,72
19999,71
20009,71
20020,70
20030,70
20040,70
20051,70
20062,71
20072,72
20082,73
20092,74
20103,74
20114,73
20124,72
20134,71
20145,71
20155,72
20165,72
20176,73
20187,74
20197,74
20207,74
20217,73
20228,72
20238,71
20249,71
20259,71
20270,72
20280,72
20290,73
20300,73
20312,73
20322,72
20332,71
20342,70
20353,69
20363,69
20373,69
20384,70
20395,70
20405,71
20415,71
20425,69
20435,68
20447,68
20457,67
20467,66
20477,66
20488,67
20498,68
20509,68
20519,67
20530,66
20540,66
20550,65
20560,64
20571,64
20582,63
20592,64
20602,65
20613,65
20623,65
20633,64
20644,64
20655,63
20665,63
20675,63
20685,62
20696,63
20706,64
20717,64
20727,64
20738,64
20748,63
20758,63
20768,63
20780,63
20790,63
20800,63
20810,64
20820,66
20831,66
20842,66
20852,65
20862,65
20873,65
20883,65
20893,65
20903,65
20915,66
20925,68
20935,69
20945,69
20956,68
20966,68
20977,68
20987,67
20998,67
21008,68
21018,69
21028,70
21039,71
21050,72
21060,71
21070,71
21081,70
21091,70
21101,70
21112,71
21123,72
21133,72
21143,73
21153,74
21164,74
21175,73
21185,72
21195,71
21206,71
21216,72
21226,72
21236,73
21248,74
21258,74
21268,74
21278,73
21288,72
21299,71
21310,71
21320,71
21330,72
21341,72
21351,73
21361,73
21372,73
21383,72
21393,71
21403,70
21413,69
21424,69
21434,69
21445,70
21455,70
21466,71
21476,70
21486,69
21496,68
21508,67
21518,66
21528,66
21538,66
21549,66
21559,67
21569,68
21580,67
21591,66
21601,65
21611,65
21621,64
21632,64
21643,63
21653,64
21663,65
21673,65
21684,65
21694,64
21704,64
21715,63
21726,63
21736,63
21746,62
21756,63
21767,64
21778,64
21788,64
21798,64
21809,64
21819,63
21829,63
21840,63
21851,63
21861,63
21871,65
21881,66
21892,66
21902,66
21913,66
21923,65
21934,65
21944,65
21954,65
21964,66
21976,67
21986,68
21996,69
22006,69
22017,69
22027,68
22037,68
22048,68
22059,68
22069,68
22079,70
22089,71
22099,72
22111,72
22121,72
22131,71
22141,71
22152,70
22162,70
22173,71
22183,72
22194,73
22204,73
22214,74
22224,74
22235,73
22246,72
22256,71
22266,71
22277,72
22287,72
22297,73
22308,74
22319,74
22329,74
22339,73
22349,72
22360,71
22370,70
22381,71
22391,71
22402,72
22412,72
22422,73
22432,72
22444,71
22454,70
22464,70
22474,69
22484,68
22495,69
22506,69
22516,70
22526,70
22537,70
22547,69
22557,68
22567,67
22579,66
22589,65
22599,65
22609,66
22620,67
22630,67
22641,67
22651,66
22662,65
22672,64
22682,64
22692,63
22703,63
22714,63
22724,64
22734,65
22745,64
22755,64
22765,63
22776,63
22787,63
22797,62
22807,62
22817,63
22828,64
22839,65
22849,64
22859,64
22870,64
22880,64
22890,63
22900,63
22912,63
22922,64
22932,65
22942,66
22952,67
22963,66
22974,66
22984,66
22994,66
23005,65
23015,65
23025,66
23036,67
23047,69
23057,70
23067,70
23077,69
23088,69
23098,68
23109,68
23119,68
23130,69
23140,70
23150,71
23160,72
23172,73
23182,72
23192,72
23202,71
23213,70
23223,70
23233,71
23244,72
23255,73
23265,73
23275,74
23285,74
23296,73
23307,72
23317,71
23327,71
23337,72
23348,72
23358,73
23368,74
23379,74
23390,74
23400,73
23410,72
23420,71
23431,70
23442,70
23452,71
23462,72
23473,72
23483,73
23493,72
23504,71
23515,70
23525,69
23535,69
23545,68
23556,68
23566,69
23577,70
23587,70
23598,69
23608,68
23618,68
23628,67
23640,66
23650,66
23660,65
23670,66
23681,67
23691,67
23701,67
23712,66
23723,65
23733,65
23743,64
23753,64
23763,63
23775,63
23785,65
23795,65
23805,65
23816,64
23826,64
23837,63
23847,63
23858,63
23868,63
23878,63
23888,64
23899,65
23910,65
23920,65
23930,64
23941,64
23951,64
23961,64
23972,64
23983,64
23993,66
24003,67
24013,68
24024,67
24034,67
24045,67
24055,66
24066,66
24076,66
24086,67
24096,68
24108,70
24118,71
24128,71
24138,70
24148,70
24159,69
24170,69
24180,69
24190,70
24201,71
24211,72
24221,73
24231,73
24243,73
24253,72
24263,72
24273,71
24284,71
24294,72
24305,73
24315,73
24326,74
24336,75
24346,75
24356,74
24368,73
24378,72
24388,72
24398,72
24409,73
24419,74
24429,74
24440,74
24451,74
24461,73
24471,72
24481,72
24492,71
24503,71
24513,71
24523,72
24534,72
24544,73
24554,73
24564,71
24576,70
24586,70
24596,69
24606,68
24616,68
24627,69
24638,70
24648,70
24658,70
24669,69
24679,68
24689,67
24699,66
24711,66
24721,65
24731,66
24741,67
24752,67
24762,67
24773,66
24783,65
24794,65
24804,64
24814,64
24824,63
24836,64
24846,65
24856,65
24866,65
24877,65
24887,64
24897,64
24908,63
24919,63
24929,63
24939,63
24949,65
24960,66
24971,66
24981,65
24991,65
25001,65
25012,65
25022,64
25032,64
25043,65
25054,66
25064,68
25074,68
25084,68
25095,67
25106,67
25116,67
25126,67
25137,67
25147,67
25157,69
25168,70
25179,71
25189,71
25199,71
25209,70
25220,70
25230,69
25241,70
25251,70
25262,72
25272,73
25282,73
25292,74
25304,73
25314,73
25324,72
25334,71
25345,71
25355,72
25365,73
25376,74
25387,74
25397,75
25407,75
25417,74
25427,73
25439,72
25449,72
25459,72
25469,73
25480,73
25490,74
25501,74
25511,74
25522,73
25532,72
25542,71
25552,70
25563,70
25574,71
25584,72
25594,72
25605,73
25615,72
25625,71
25636,70
25647,69
25657,68
25667,68
25677,68
25688,69
25698,69
25709,70
25719,69
25730,68
25740,67
25750,66
25760,66
25772,65
25782,65
25792,65
25802,66
25812,66
25823,66
25834,65
25844,64
25854,64
25865,63
25875,63
25885,63
25895,63
25907,64
25917,65
25927,64
25937,64
25948,64
25958,63
25969,63
25979,63
25990,63
26000,63
26010,64
26020,65
26031,65
26042,65
26052,65
26062,65
26073,64
26083,64
26093,64
26104,65
26115,66
26125,67
26135,68
26145,68
26156,67
26167,67
26177,67
26187,67
26198,67
26208,67
26218,69
26228,70
26240,71
26250,71
26260,71
26270,70
26280,70
26291,69
26302,69
26312,70
26322,71
26333,72
26343,73
26353,74
26363,73
26375,73
26385,72
26395,71
26405,71
26416,72
26426,73
26437,73
26447,74
26458,74
26468,74
26478,73
26488,73
26500,72
26510,71
26520,72
26530,72
26541,73
26551,73
26561,74
26572,74
26583,73
26593,72
26603,71
26613,70
26624,70
26635,70
26645,71
26655,71
26665,72
26676,71
26686,70
26697,69
26707,68
26718,67
26728,67
26738,67
26748,68
26759,69
26770,69
26780,68
26790,67
26801,67
26811,66
26821,65
26832,64
26843,64
26853,65
26863,66
26873,66
26884,65
26894,65
26905,64
26915,64
26926,63
26936,63
26946,63
26956,63
26968,64
26978,65
26988,64
26998,64
27009,64
27019,63
27029,63
27040,63
27051,63
27061,63
27071,64
27081,65
27091,65
27103,65
27113,65
27123,65
27133,65
27144,64
27154,64
27165,65
27175,66
27186,68
27196,68
27206,68
27216,68
27227,67
27238,67
27248,67
27258,67
27269,68
27279,69
27289,70
27300,71
27311,72
27321,71
27331,70
27341,70
27352,70
27362,70
27373,70
27383,72
27394,72
27404,73
27414,74
27424,73
27436,73
27446,72
27456,71
27466,71
27476,72
27487,73
27498,73
27508,74
27518,74
27529,74
27539,73
27549,72
27559,72
27571,71
27581,71
27591,72
27601,73
27612,73
27622,74
27633,73
27643,72
27654,71
27664,70
27674,69
27684,69
27695,70
27706,71
27716,71
27726,71
27737,71
27747,70
27757,69
27768,68
27779,67
27789,66
27799,66
27809,67
27820,68
27831,68
27841,68
27851,67
27862,66
27872,65
27882,64
27892,64
27904,64
27914,64
27924,65
27934,66
27944,65
27955,64
27966,64
27976,63
27986,63
27997,63
28007,62
28017,63
28027,64
28039,64
28049,64
28059,64
28069,63
28080,63
28090,63
28101,63
28111,63
28122,63
28132,64
28142,65
28152,66
28164,65
28174,65
28184,65
28194,65
28205,64
28215,64
28225,65
28236,66
28247,68
28257,68
28267,68
28277,68
28288,68
28299,67
28309,67
28319,67
28329,68
28340,69
28350,70
28360,71
28371,71
28382,71
28392,70
28402,70
28412,70
28423,70
28434,71
28444,72
28454,73
28465,73
28475,74
28485,74
28496,73
28507,72
28517,72
28527,72
28537,72
28548,73
28558,74
28569,74
28579,75
28590,75
28600,74
28610,73
28620,72
28632,72
28642,72
28652,73
28662,73
28673,74
28683,74
28693,74
28704,73
28715,71
28725,71
28735,70
28745,70
28755,70
28767,71
28777,71
28787,72
28797,71
28808,70
28818,69
28829,68
28839,67
28850,67
28860,67
28870,68
28880,68
28891,69
28902,68
28912,67
28922,66
28933,66
28943,65
28953,64
28964,64
28975,65
28985,66
28995,66
29005,65
29016,65
29026,64
29037,64
29047,64
29058,63
29068,63
29078,63
29088,65
29100,65
29110,65
29120,65
29130,64
29140,64
29151,64
29162,64
29172,64
29182,64
29193,65
29203,66
29213,67
29223,66
29235,66
29245,66
29255,66
29265,66
29276,65
29286,66
29297,68
29307,69
29318,70
29328,70
29338,69
29348,69
29359,68
29370,68
29380,68
29390,69
29401,70
29411,71
29421,72
29432,73
29443,72
29453,72
29463,71
29473,71
29484,71
29495,72
29505,73
29515,73
29526,74
29536,75
29546,75
29556,74
29568,73
29578,72
29588,72
29598,73
29608,73
29619,74
29630,75
29640,75
29650,75
29661,74
29671,73
29681,72
29691,71
29703,71
29713,72
29723,72
29733,73
29744,73
29754,73
29765,71
29775,70
29786,69
29796,68
29806,68
29816,68
29828,68
29838,69
29848,69
29858,68
29869,66
29879,65
29889,64
29900,63
29911,63
29921,63
29931,63
29941,64
29952,65
29963,64
29973,63
29983,62
29993,62
30004,61
30014,61
30024,60
30035,61
30046,62
30056,62
30066,62
30076,61
30087,61
30098,60
30108,60
30118,59
30129,59
30139,60
30149,61
30160,62
30171,62
30181,61
30191,61
30201,61
30212,61
30222,61
30233,60
30243,61
30254,62
30264,64
30274,64
30284,63
30296,63
30306,63
30316,63
30326,62
30337,62
30347,63
30357,65
30368,66
30379,67
30389,67
30399,66
30409,66
30419,66
30431,65
30441,65
30451,66
30461,68
30472,69
30482,70
30493,70
30503,70
30514,69
30524,68
30534,68
30544,68
30555,69
30566,70
30576,71
30586,71
30597,72
30607,72
30617,71
30628,70
30639,69
30649,69
30659,70
30669,70
30680,71
30690,72
30701,72
30711,72
30722,71
30732,70
30742,69
30752,68
30764,69
30774,69
30784,70
30794,70
30804,71
30815,70
30826,69
30836,68
30846,67
30857,66
30867,66
30877,66
30887,67
30899,68
30909,68
30919,67
30929,66
30940,65
30950,64
30961,64
30971,63
30982,63
30992,64
31002,65
31012,65
31023,64
31034,63
31044,63
31054,62
31065,61
31075,61
31085,61
31096,61
31107,62
31117,63
31127,62
31137,61
31148,61
31159,61
31169,60
31179,60
31190,60
31200,60
31210,62
31220,62
31232,62
31242,62
31252,62
31262,61
31272,61
31283,61
31294,61
31304,62
31314,63
31325,64
31335,65
31345,64
31355,64
31367,64
31377,64
31387,64
31397,63
31408,64
31418,66
31429,67
31439,68
31450,68
31460,67
31470,67
31480,66
31492,66
31502,66
31512,67
31522,68
31533,69
31543,70
31553,71
31564,70
31575,69
31585,69
31595,68
31605,68
31616,69
31627,70
31637,71
31647,72
31657,72
31668,72
31678,71
31688,70
31699,69
31710,69
31720,70
31730,71
31740,71
31751,72
31762,72
31772,72
31782,71
31793,70
31803,69
31813,68
31824,69
31835,69
31845,70
31855,70
31865,71
31876,70
31886,69
31897,68
31907,67
31918,66
31928,66
31938,66
31948,67
31960,67
31970,68
31980,67
31990,66
32001,65
32011,64
32021,63
32032,63
32043,63
32053,64
32063,64
32073,65
32083,64
32095,63
32105,62
32115,62
32125,61
32136,61
32146,60
32157,61
32167,62
32178,63
32188,62
32198,62
32208,61
32219,61
32230,61
32240,60
32250,60
32261,61
32271,62
32281,63
32292,62
32303,62
32313,62
32323,62
32333,61
32344,61
32354,61
32365,62
32375,63
32386,65
32396,65
32406,65
32416,64
32428,64
32438,64
32448,64
32458,64
32468,65
32479,66
32490,67
32500,68
32510,68
32521,68
32531,67
32541,67
32551,67
32563,67
32573,68
32583,69
32593,70
32604,71
32614,71
32625,70
32635,70
32646,69
32656,69
32666,69
32676,70
32687,71
32698,71
32708,72
32718,73
32729,72
32739,71
32749,70
32760,70
32771,69
32781,70
32791,71
32801,71
32812,72
32823,72
32833,72
32843,71
32854,69
32864,69
32874,68
32884,68
32896,69
32906,69
32916,70
32926,70
32936,70
32947,68
32958,67
32968,66
32978,66
32989,65
32999,66
33009,66
33019,67
33031,67
33041,66
33051,65
33061,65
33072,64
33082,63
33093,62
33103,62
33114,63
33124,64
33134,64
33144,63
33156,63
33166,62
33176,62
33186,61
33197,61
33207,60
33217,61
33228,62
33239,63
33249,62
33259,62
33269,61
33280,61
33291,60
33301,60
33311,60
33321,61
33332,62
33342,63
33352,63
33363,62
33374,62
33384,62
33394,61
33404,61
33415,61
33426,62
33436,63
33446,65
33457,65
33467,65
33477,64
33488,64
33499,64
33509,64
33519,64
33529,65
33540,66
33550,67
33561,68
33571,68
33582,68
33592,67
33602,67
33612,67
33624,67
33634,68
33644,69
33654,70
33665,71
33675,71
33685,71
33696,70
33707,69
33717,69
33727,69
33737,70
33747,71
33759,71
33769,72
33779,72
33789,72
33800,71
33810,70
33821,70
33831,70
33842,70
33852,71
33862,71
33872,72
33883,72
33894,72
33904,71
33914,70
33925,69
33935,68
33945,68
33956,69
33967,69
33977,70
33987,70
33997,69
34008,68
34019,67
34029,66
34039,65
34050,65
34060,65
34070,66
34080,67
34092,67
34102,66
34112,65
34122,64
34132,63
34143,63
34154,62
34164,62
34174,63
34185,64
34195,64
34205,63
34215,62
34227,62
34237,61
34247,61
34257,60
34268,60
34278,60
34289,62
34299,62
34310,62
34320,61
34330,61
34340,61
34351,60
34362,60
34372,60
34382,60
34393,62
34403,63
34413,63
34424,62
34435,62
34445,62
34455,62
34465,62
34476,61
34487,62
34497,64
34507,65
34518,66
34528,65
34538,65
34548,65
34560,64
34570,64
34580,64
34590,65
34600,67
34611,68
34622,69
34632,69
34642,68
34653,68
34663,67
34673,67
34683,67
34695,68
34705,69
34715,70
34725,71
34736,71
34746,71
34757,70
34767,70
34778,69
34788,69
34798,70
34808,71
34820,71
34830,72
34840,72
34850,72
34861,71
34871,70
34881,69
34892,69
34903,70
34913,70
34923,71
34933,71
34944,72
34955,71
34965,70
34975,69
34985,68
34996,67
35006,67
35016,68
35027,69
35038,69
35048,69
35058,69
35068,68
35079,67
35090,66
35100,65
35110,64
35121,65
35131,66
35141,66
35152,66
35163,65
35173,64
35183,64
35193,63
35204,62
35214,62
35225,62
35235,62
35246,63
35256,64
35266,63
35276,62
35288,61
35298,61
35308,61
35318,60
35329,60
35339,61
35349,62
35360,62
35371,62
35381,61
35391,61
35401,61
35411,61
35423,60
35433,60
35443,61
35453,62
35464,63
35474,63
35485,63
35495,62
35506,62
35516,62
35526,62
35536,62
35547,63
35558,64
35568,66
35578,66
35589,66
35599,65
35609,65
35620,65
35631,65
35641,65
35651,66
35661,67
35672,68
35682,69
35693,69
35703,69
35714,68
35724,68
35734,67
35744,67
35756,68
35766,70
35776,70
35786,71
35796,72
35807,71
35818,70
35828,70
35838,69
35849,69
35859,70
35869,71
35879,71
35891,72
35901,72
35911,72
35921,71
35932,70
35942,69
35953,69
35963,69
35974,70
35984,70
35994,71
36004,71
36016,71
36026,70
36036,69
36046,68
36057,67
36067,67
36077,68
36088,68
36099,69
36109,69
36119,68
36129,67
36140,66
36151,65
36161,64
36171,64
36182,64
36192,65
36202,66
36212,66
36224,65
36234,64
36244,63
36254,62
36264,62
36275,61
36286,61
36296,62
36306,63
36317,63
36327,62
36337,62
36347,61
36359,61
36369,60
36379,60
36389,60
36400,60
36410,62
36421,62
36431,62
36442,61
36452,61
36462,60
36472,60
36484,60
36494,60
36504,61
36514,62
36525,63
36535,63
36545,63
36556,63
36567,62
36577,62
36587,62
36597,62
36608,63
36619,64
36629,66
36639,66
36649,66
36660,66
36670,65
36680,65
36691,65
36702,65
36712,66
36722,68
36732,69
36743,70
36754,70
36764,69
36774,69
36785,68
36795,68
36805,68
36816,69
36827,70
36837,71
36847,71
36857,72
36868,71
36878,70
36889,70
36899,69
36910,69
36920,70
36930,71
36940,71
36952,72
36962,72
36972,72
36982,71
36993,70
37003,69
37014,69
37024,69
37035,70
37045,70
37055,71
37065,71
37075,71
37087,69
37097,68
37107,68
37117,67
37128,67
37138,67
37149,68
37159,69
37170,69
37180,68
37190,67
37200,66
37211,65
37222,64
37232,64
37242,64
37253,65
37263,66
37273,66
37284,65
37295,64
37305,63
37315,62
37325,62
37336,61
37346,61
37357,62
37367,63
37378,63
37388,62
37398,62
37408,61
37420,61
37430,60
37440,60
37450,60
37460,60
37471,62
37482,62
37492,62
37502,61
37513,61
37523,61
37533,61
37543,60
37555,60
37565,61
37575,63
37585,64
37596,64
37606,63
37617,63
37627,63
37638,63
37648,63
37658,63
37668,64
37679,65
37690,66
37700,67
37710,67
37721,66
37731,66
37741,66
37752,65
37763,66
37773,67
37783,68
37793,69
37804,70
37815,70
37825,69
37835,69
37846,68
37856,68
37866,68
37876,69
37888,70
37898,71
37908,71
37918,72
37928,72
37939,71
37950,70
37960,69
37970,69
37981,70
37991,71
38001,71
38011,72
38023,72
38033,72
38043,71
38053,70
38064,69
38074,69
38085,69
38095,70
38106,70
38116,71
38126,71
38136,70
38148,69
38158,68
38168,67
38178,66
38189,66
38199,67
38209,68
38220,68
38231,68
38241,67
38251,66
38261,65
38272,65
38283,64
38293,63
38303,63
38313,64
38324,65
38334,65
38344,64
38355,63
38366,63
38376,62
38386,62
38396,61
38407,61
38418,62
38428,63
38438,63
38449,62
38459,62
38469,61
38480,61
38491,60
38501,60
38511,60
38521,61
38532,62
38542,63
38553,62
38563,62
38574,62
38584,61
38594,61
38604,61
38616,61
38626,61
38636,63
38646,64
38657,64
38667,64
38677,63
38688,63
38699,63
38709,63
38719,63
38729,64
38739,65
38751,67
38761,67
38771,67
38781,67
38792,66
38802,66
38813,66
38823,66
38834,67
38844,68
38854,69
38864,70
38875,70
38886,70
38896,69
38906,68
38917,68
38927,68
38937,69
38948,70
38959,71
38969,72
38979,72
38989,72
39000,71
39010,70
39021,69
39031,69
39042,70
39052,71
39062,71
39072,72
39084,72
39094,72
39104,71
39114,70
39124,69
39135,68
39146,69
39156,69
39166,70
39177,70
39187,71
39197,70
39207,69
39219,68
39229,67
39239,66
39249,66
39260,66
39270,67
39281,68
39291,68
39302,67
39312,66
39322,65
39332,64
39343,63
39354,63
39364,63
39374,64
39385,65
39395,65
39405,64
39416,63
39427,62
39437,62
39447,61
39457,61
39468,61
39479,61
39489,62
39499,63
39510,62
39520,61
39530,61
39540,61
39552,60
39562,60
39572,60
39582,60
39592,62
39603,62
39614,62
39624,62
39634,61
39645,61
39655,61
39665,61
39675,61
39687,62
39697,63
39707,64
39717,64
39728,64
39738,64
39749,64
39759,63
39770,63
39780,63
39790,64
39800,66
39812,67
39822,68
39832,68
39842,67
39853,67
39863,66
39873,66
39884,66
39895,67
39905,69
39915,70
39925,70
39936,71
39947,70
39957,69
39967,69
39977,68
39988,68
39998,69
40008,70
40019,71
40030,72
40040,72
40050,72
40060,71
40071,70
40082,69
40092,69
40102,70
40113,71
40123,71
40133,72
40144,72
40155,72
40165,70
40175,69
40185,68
40196,68
40206,68
40217,69
40227,70
40238,70
40248,70
40258,70
40268,68
40280,67
40290,66
40300,66
40310,65
40321,66
40331,67
40341,67
40352,67
40363,66
40373,65
40383,64
40393,64
40403,63
40415,62
40425,62
40435,63
40445,64
40456,64
40466,63
40477,63
40487,62
40498,61
40508,61
40518,60
40528,60
40539,61
40550,62
40560,62
40570,62
40581,61
40591,61
40601,60
40612,60
40623,60
40633,60
40643,60
40653,62
40664,62
40675,62
40685,62
40695,61
40706,61
40716,61
40726,61
40736,61
40748,62
40758,64
40768,65
40778,65
40788,64
40799,64
40810,64
40820,64
40830,64
40841,64
40851,65
40861,66
40871,67
40883,68
40893,68
40903,67
40913,67
40924,66
40934,66
40945,66
40955,68
40966,69
40976,70
40986,70
40996,71
41007,70
41018,69
41028,69
41038,68
41049,69
41059,70
41069,71
41080,71
41091,72
41101,72
41111,72
41121,71
41132,70
41143,69
41153,69
41163,70
41174,71
41184,71
41194,72
41204,72
41216,71
41226,70
41236,69
41246,68
41256,68
41267,68
41278,69
41288,69
41298,70
41309,70
41319,69
41329,68
41339,67
41351,66
41361,65
41371,65
41381,66
41392,66
41402,67
41413,67
41423,66
41434,65
41444,64
41454,63
41464,63
41476,62
41486,62
41496,63
41506,64
41517,64
41527,63
41537,62
41548,62
41559,61
41569,61
41579,60
41589,60
41600,61
41611,62
41621,62
41631,61
41641,61
41652,61
41662,60
41672,60
41683,60
41694,60
41704,60
41714,62
41724,63
41735,62
41746,62
41756,62
41766,62
41777,61
41787,61
41797,61
41808,62
41819,64
41829,65
41839,65
41849,65
41860,65
41870,64
41881,64
41891,64
41902,64
41912,65
41922,67
41932,68
41944,68
41954,68
41964,68
41974,67
41985,67
41995,66
42005,67
42016,68
42027,69
42037,70
42047,71
42057,71
42067,70
42079,70
42089,69
42099,68
42109,69
42120,70
42130,70
42141,71
42151,72
42162,72
42172,72
42182,71
42192,70
42203,69
42214,69
42224,70
42234,70
42245,71
42255,72
42265,72
42276,71
42287,70
42297,69
42307,68
42317,68
42328,68
42338,68
42349,69
42359,70
42370,70
42380,69
42390,68
42400,67
42412,66
42422,65
42432,65
42442,65
42452,66
42463,67
42474,67
42484,66
42494,65
42505,64
42515,63
42525,63
42535,62
42547,62
42557,63
42567,64
42577,64
42588,63
42598,62
42609,62
42619,61
42630,61
42640,60
42650,60
42660,61
42671,62
42682,62
42692,62
42702,61
42713,61
42723,60
42733,60
42744,60
42755,60
42765,60
42775,62
42785,63
42796,63
42807,62
42817,62
42827,62
42838,62
42848,62
42858,62
42868,63
42880,64
42890,66
42900,66
42910,65
42920,65
42931,65
42942,65
42952,64
42962,65
42973,66
42983,67
42993,68
43003,69
43015,69
43025,68
43035,68
43045,67
43056,67
43066,67
43077,68
43087,69
43098,70
43108,71
43118,71
43128,71
43140,70
43150,69
43160,69
43170,69
43181,70
43191,71
43201,71
43212,72
43223,72
43233,72
43243,71
43253,70
43264,69
43275,69
43285,70
43295,70
43305,71
43316,71
43326,71
43336,71
43347,70
43358,69
43368,68
43378,67
43388,67
43399,68
43410,69
43420,69
43430,69
43441,68
43451,67
43461,66
43472,65
43483,65
43493,64
43503,65
43513,65
43524,66
43534,66
43545,65
43555,64
43566,63
43576,63
43586,62
43596,61
43608,61
43618,62
43628,63
43638,63
43649,62
43659,62
43669,61
43680,61
43691,60
43701,60
43711,60
43721,60
43731,62
43743,62
43753,61
43763,61
43773,61
43784,60
43794,60
43805,60
43815,60
43826,61
43836,62
43846,63
43856,63
43867,62
43878,62
43888,62
43898,62
43909,62
43919,62
43929,63
43940,65
43951,66
43961,66
43971,66
43981,65
43992,65
44002,65
44013,65
44023,65
44034,66
44044,67
44054,68
44064,69
44076,69
44086,68
44096,68
44106,67
44116,67
44127,67
44138,69
44148,70
44158,70
44169,71
44179,71
44189,71
44199,70
44211,69
44221,69
44231,69
44241,70
44252,71
44262,71
44273,72
44283,72
44294,72
44304,71
44314,70
44324,69
44336,69
44346,69
44356,70
44366,70
44377,71
44387,71
44397,70
44408,69
44419,68
44429,67
44439,67
44449,67
44460,68
44471,68
44481,69
44491,69
44502,68
44512,67
44522,66
44532,65
44544,64
44554,64
44564,64
44574,65
44584,66
44595,65
44606,64
44616,64
44626,63
44637,62
44647,62
44657,61
44667,61
44679,62
44689,63
44699,63
44709,62
44720,61
44730,61
44741,61
44751,60
44762,60
44772,60
44782,60
44792,62
44804,62
44814,62
44824,61
44834,61
44845,61
44855,60
44865,60
44876,60
44887,61
44897,63
44907,63
44917,63
44928,63
44939,63
44949,62
44959,62
44969,62
44980,62
44990,63
45000,65
45011,66
45022,67
45032,66
45042,66
45052,66
45063,65
45074,65
45084,65
45094,67
45105,68
45115,69
45125,70
45136,70
45147,69
45157,68
45167,68
45177,67
45188,68
45198,69
45209,70
45219,71
45230,71
45240,72
45250,71
45260,70
45272,70
45282,69
45292,69
45302,70
45313,71
45323,71
45333,72
45344,72
45355,72
45365,71
45375,70
45385,69
45395,69
45407,69
45417,70
45427,70
45437,71
45448,71
45458,70
45469,69
45479,68
45490,67
45500,67
45510,67
45520,67
45531,68
45542,69
45552,68
45562,68
45573,66
45583,66
45593,65
45604,64
45615,64
45625,64
45635,65
45645,66
45656,66
45666,64
45677,64
45687,63
45698,62
45708,62
45718,61
45728,61
45740,62
45750,63
45760,63
45770,62
45780,61
45791,61
45802,61
45812,60
45822,60
45833,60
45843,61
45853,62
45863,62
45875,62
45885,61
45895,61
45905,61
45916,61
45926,60
45937,60
45947,61
45958,63
45968,64
45978,64
45988,63
45999,63
46010,63
46020,63
46030,62
46041,63
46051,64
46061,65
46072,66
46083,67
46093,66
46103,66
46113,66
46124,65
46135,65
46145,65
46155,67
46166,68
46176,69
46186,70
46196,70
46208,69
46218,68
46228,68
46238,68
46248,68
46259,69
46270,70
46280,71
46290,71
46301,72
46311,71
46321,70
46331,69
46343,69
46353,69
46363,70
46373,71
46384,71
46394,72
46405,72
46415,71
46426,70
46436,69
46446,68
46456,68
46468,69
46478,70
46488,70
46498,70
46509,71
46519,70
46529,69
46540,68
46551,67
46561,66
46571,66
46581,67
46592,67
46603,68
46613,68
46623,67
46633,66
46644,65
46654,64
46664,64
46675,63
46686,63
46696,64
46706,65
46716,65
46727,64
46738,63
46748,62
46758,62
46769,61
46779,61
46789,61
46800,62
46811,63
46821,62
46831,62
46841,61
46852,61
46862,60
46873,60
46883,60
46894,60
46904,61
46914,62
46924,62
46936,62
46946,61
46956,61
46966,61
46977,61
46987,61
46997,61
47008,62
47019,63
47029,64
47039,64
47049,64
47059,63
47071,63
47081,63
47091,63
47101,63
47112,64
47122,66
47133,67
47143,67
47154,67
47164,66
47174,66
47184,66
47195,66
47206,66
47216,67
47226,68
47237,69
47247,70
47257,70
47268,70
47279,69
47289,68
47299,68
47309,68
47320,69
47330,70
47341,71
47351,72
47362,72
47372,71
47382,70
47392,70
47404,69
47414,69
47424,70
47434,71
47444,71
47455,72
47466,72
47476,71
47486,70
47497,69
47507,68
47517,68
47527,69
47539,69
47549,70
47559,70
47569,70
47580,70
47590,68
47601,67
47611,67
47622,66
47632,66
47642,67
47652,67
47663,68
47674,68
47684,67
47694,65
47705,65
47715,64
47725,63
47736,63
47747,63
47757,64
47767,65
47777,64
47788,64
47799,63
47809,62
47819,61
47830,61
47840,61
47850,60
47860,61
47872,62
47882,62
47892,61
47902,61
47912,61
47923,60
47934,60
47944,60
47954,60
47965,61
47975,62
47985,62
47996,62
48007,62
48017,61
48027,61
48037,61
48048,61
48058,61
48069,62
48079,63
48090,64
48100,64
48110,64
48120,64
48132,63
48142,63
48152,63
48162,63
48173,65
48183,66
48193,67
48204,68
48215,67
48225,67
48235,67
48245,66
48256,66
48267,66
48277,68
48287,69
48297,70
48308,70
48318,71
48328,70
48339,69
48350,68
48360,68
48370,69
48380,70
48391,70
48402,71
48412,72
48422,72
48433,71
48443,70
48453,70
48464,69
48475,69
48485,70
48495,71
48505,71
48516,72
48526,72
48537,71
48547,70
48558,69
48568,68
48578,68
48588,68
48600,69
48610,70
48620,70
48630,70
48641,69
48651,68
48661,67
48672,66
48683,65
48693,65
48703,66
48713,67
48723,67
48735,67
48745,66
48755,65
48765,64
48776,63
48786,63
48797,62
48807,62
48818,63
48828,64
48838,64
48848,63
48859,62
48870,62
48880,61
48890,61
48901,60
48911,60
48921,61
48932,62
48943,62
48953,61
48963,61
48973,61
48984,60
48994,60
49005,60
49015,60
49026,61
49036,62
49046,62
49056,62
49068,62
49078,61
49088,61
49098,61
49108,61
49119,61
49130,62
49140,64
49150,65
49161,65
49171,64
49181,64
49191,64
49203,64
49213,63
49223,64
49233,65
49244,66
49254,68
49265,68
49275,68
49286,67
49296,67
49306,67
49316,66
49327,67
49338,68
49348,69
49358,70
49369,71
49379,71
49389,70
49400,69
49411,69
49421,68
49431,69
49441,70
49452,71
49463,71
49473,72
49483,72
49494,71
49504,70
49514,70
49524,69
49536,69
49546,70
49556,70
49566,71
49576,71
49587,72
49598,71
49608,70
49618,69
49629,68
49639,68
49649,68
49659,69
49671,69
49681,70
49691,70
49701,69
49712,68
49722,67
49733,66
49743,65
49754,65
49764,66
49774,66
49784,67
49796,67
49806,66
49816,65
49826,64
49837,63
49847,63
49857,62
49868,62
49879,63
49889,64
49899,64
49909,63
49920,62
49931,62
49941,61
49951,61
49961,60
49972,60
49982,61
49992,62
50003,62
50014,61
50024,61
50034,61
50044,60
50055,60
50066,60
50076,60
50086,61
50097,62
50107,63
50117,62
50128,62
50139,62
50149,62
50159,61
50169,61
50180,61
50190,63
50201,64
50211,65
50222,65
50232,65
50242,64
50252,64
50264,64
50274,64
50284,64
50294,66
50305,67
50315,68
50325,68
50336,68
50347,68
50357,67
50367,67
50377,67
50387,67
50399,68
50409,69
50419,70
50429,71
50440,71
50450,70
50461,70
50471,69
50482,68
50492,69
50502,70
50512,71
50523,71
50534,72
50544,72
50554,71
50565,70
50575,70
50585,69
50596,69
50607,70
50617,70
50627,71
50637,71
50648,72
50658,71
50669,70
50679,69
50690,68
50700,67
50710,68
50720,68
50732,69
50742,69
50752,69
50762,68
50772,67
50783,66
50794,65
50804,65
50814,64
50825,65
50835,66
50845,67
50855,66
50867,65
50877,64
50887,63
50897,63
50908,62
50918,62
50929,62
50939,63
50950,64
50960,63
50970,62
50980,62
50991,61
51002,61
51012,60
51022,60
51033,60
51043,61
51053,62
51064,62
51075,61
51085,61
51095,61
51105,60
51116,60
51127,60
51137,60
51147,61
51158,62
51168,63
51178,62
51188,62
51200,62
51210,62
51220,62
51230,62
51240,62
51251,63
51262,65
51272,65
51282,66
51293,65
51303,65
51313,65
51324,64
51335,64
51345,65
51355,66
51365,67
51376,68
51386,69
51397,69
51407,68
51418,68
51428,67
51438,67
51448,67
51460,69
51470,70
51480,70
51490,71
51501,71
51511,71
51521,70
51532,69
51543,69
51553,69
51563,70
51573,71
51584,71
51595,72
51605,72
51615,71
51625,70
51636,70
51646,69
51657,69
51667,70
51678,70
51688,71
51698,71
51708,71
51719,70
51730,69
51740,68
51750,67
51761,67
51771,67
51781,68
51792,69
51803,69
51813,69
51823,68
51833,67
51844,66
51854,65
51865,64
51875,64
51886,65
51896,66
51906,66
51916,66
51928,65
51938,64
51948,63
51958,63
51969,62
51979,61
51989,61
52000,63
52011,63
52021,63
52031,62
52041,62
52051,61
52063,61
52073,60
52083,60
52093,60
52104,61
52114,62
52125,62
52135,61
52146,61
52156,61
52166,60
52176,60
52187,60
52198,60
52208,61
52218,63
52229,63
52239,63
52249,63
52260,62
52271,62
52281,62
52291,62
52301,62
52312,63
52323,65
52333,66
52343,66
52354,66
52364,65
52374,65
52384,65
52396,64
52406,65
52416,66
52426,68
52436,69
52447,69
52458,69
52468,68
52478,68
52489,67
52499,67
52509,68
52519,69
52531,70
52541,71
52551,71
52561,71
52572,71
52582,70
52593,69
52603,69
52614,69
52624,70
52634,71
52644,71
52655,72
52666,72
52676,71
52686,70
52697,69
52707,69
52717,69
52728,69
52739,70
52749,71
52759,71
52769,71
52780,70
52791,69
52801,68
52811,67
52822,67
52832,67
52842,68
52852,68
52864,69
52874,69
52884,68
52894,67
52904,66
52915,65
52926,64
52936,64
52946,64
52957,65
52967,66
52977,66
52987,65
52999,64
53009,63
53019,62
53029,62
53040,61
53050,61
53061,62
53071,63
53082,63
53092,62
53102,62
53112,61
53124,61
53134,60
53144,60
53154,60
53165,61
53175,62
53185,62
53196,61
53207,61
53217,61
53227,61
53237,60
53248,60
53259,60
53269,62
53279,63
53289,64
53300,63
53310,63
53320,63
53331,62
53342,62
53352,62
53362,63
53372,64
53383,65
53394,66
53404,67
53414,66
53425,66
53435,65
53445,65
53456,65
53467,65
53477,67
53487,68
53497,69
53508,70
53518,69
53529,69
53539,68
53550,68
53560,67
53570,68
53580,69
53592,70
53602,71
53612,71
53622,72
53633,71
53643,70
53653,69
53664,69
53675,69
53685,70
53695,71
53705,71
53715,72
53727,72
53737,71
53747,70
53757,69
53768,69
53778,69
53789,69
53799,70
53810,70
53820,71
53830,71
53840,70
53851,69
53862,68
53872,67
53882,66
53893,67
53903,67
53913,68
53924,69
53935,68
53945,67
53955,66
53965,65
53976,64
53986,64
53997,63
54007,64
54018,65
54028,65
54038,65
54048,64
54060,63
54070,62
54080,62
54090,61
54100,61
54111,61
54122,62
54132,63
54142,62
54153,62
54163,61
54173,61
54183,60
54195,60
54205,60
54215,60
54225,61
54236,62
54246,62
54257,62
54267,61
54278,61
54288,61
54298,61
54308,60
54319,61
54330,62
54340,63
54350,64
54361,64
54371,63
54381,63
54392,63
54403,63
54413,63
54423,63
54433,64
54444,66
54455,67
54465,67
54475,66
54486,66
54496,66
54506,65
54516,65
54528,66
54538,67
54548,68
54558,69
54568,70
54579,70
54590,69
54600,69
54610,68
54621,68
54631,68
54641,69
54651,70
54663,71
54673,72
54683,72
54693,71
54704,70
54714,69
54725,69
54735,69
54746,70
54756,71
54766,71
54776,72
54788,72
54798,71
54808,70
54818,69
54829,68
54839,68
54849,69
54860,70
54871,70
54881,71
54891,70
54901,69
54912,68
54923,67
54933,67
54943,66
54953,66
54964,67
54974,68
54984,68
54995,68
55006,67
55016,66
55026,65
55036,64
55047,63
55058,63
55068,63
55078,64
55089,65
55099,64
55109,64
55120,63
55131,62
55141,62
55151,61
55161,61
55172,61
55182,62
55193,62
55203,62
55214,62
55224,61
55234,61
55244,60
55256,60
55266,60
55276,60
55286,61
55297,62
55307,62
55317,62
55328,61
55339,61
55349,61
55359,61
55369,61
55379,61
55391,62
55401,63
55411,64
55421,64
55432,64
55442,63
55453,63
55463,63
55474,63
55484,63
55494,65
55504,66
55515,67
55526,67
55536,67
55546,67
55557,66
55567,66
55577,66
55588,66
55599,68
55609,69
55619,70
55629,70
55640,70
55650,69
55661,69
55671,68
55682,68
55692,69
55702,70
55712,71
55724,71
55734,72
55744,72
55754,71
55764,70
55775,69
55786,69
55796,69
55806,70
55817,71
55827,71
55837,72
55847,72
55859,71
55869,70
55879,69
55889,68
55900,68
55910,69
55921,69
55931,70
55942,70
55952,70
55962,69
55972,68
55983,67
55994,66
56004,66
56014,66
56025,67
56035,67
56045,68
56056,67
56067,66
56077,65
56087,64
56097,64
56108,63
56119,63
56129,63
56139,64
56150,65
56160,64
56170,63
56180,63
56192,62
56202,61
56212,61
56222,60
56232,61
56243,62
56254,62
56264,62
56274,61
56285,61
56295,61
56305,60
56315,60
56327,60
56337,60
56347,61
56357,62
56368,62
56378,62
56389,62
56399,61
56410,61
56420,61
56430,61
56440,61
56452,62
56462,64
56472,65
56482,64
56493,64
56503,64
56513,64
56524,63
56535,63
56545,64
56555,65
56565,66
56576,68
56587,68
56597,67
56607,67
56617,67
56628,66
56638,66
56648,67
56659,68
56670,69
56680,70
56690,71
56700,71
56711,70
56722,69
56732,68
56742,68
56753,69
56763,70
56773,71
56784,71
56795,72
56805,72
56815,71
56825,70
56836,70
56846,69
56857,69
56867,70
56878,71
56888,71
56898,72
56908,72
56920,71
56930,70
56940,69
56950,68
56961,68
56971,69
56981,69
56992,70
57003,70
57013,70
57023,69
57033,68
57043,67
57055,66
57065,65
57075,65
57085,66
57096,67
57106,67
57117,67
57127,66
57138,65
57148,64
57158,63
57168,63
57179,62
57190,63
57200,64
57210,64
57221,64
57231,63
57241,62
57252,62
57263,61
57273,61
57283,60
57293,60
57304,61
57314,62
57325,62
57335,61
57346,61
57356,61
57366,60
57376,60
57388,60
57398,60
57408,61
57418,62
57428,63
57439,62
57450,62
57460,62
57470,61
57481,61
57491,61
57501,62
57511,63
57523,64
57533,65
57543,65
57553,64
57564,64
57574,64
57585,64
57595,64
57606,64
57616,66
57626,67
57636,68
57647,68
57658,68
57668,67
57678,67
57689,66
57699,66
57709,67
57720,68
57731,69
57741,70
57751,71
57761,71
57772,70
57783,69
57793,69
57803,68
57814,69
57824,70
57834,71
57844,71
57856,72
57866,72
57876,71
57886,70
57896,69
57907,69
57918,69
57928,70
57938,71
57949,71
57959,72
57969,72
57979,71
57991,70
58001,68
58011,68
58021,68
58032,68
58042,69
58053,69
58063,70
58074,70
58084,69
58094,67
58104,66
58116,66
58126,65
58136,65
58146,66
58157,66
58167,67
58177,67
58188,65
58199,64
58209,64
58219,63
58229,62
58240,62
58251,62
58261,63
58271,64
58281,63
58292,63
58302,62
58312,61
58323,61
58334,60
58344,60
58354,60
58364,61
58375,62
58386,62
58396,61
58406,61
58417,61
58427,60
58437,60
58448,60
58459,60
58469,61
58479,62
58489,63
58500,62
58510,62
58521,62
58531,62
58542,61
58552,61
58562,62
58572,63
58584,64
58594,65
58604,65
58614,65
58625,65
58635,64
58646,64
58656,64
58667,65
58677,66
58687,67
58697,68
58707,69
58719,68
58729,68
58739,67
58749,67
58760,67
58770,67
58781,69
58791,70
58802,70
58812,71
58822,71
58832,70
58843,70
58854,69
58864,69
58874,69
58885,70
58895,71
58905,71
58916,72
58927,72
58937,71
58947,70
58957,69
58968,69
58978,69
58989,70
58999,70
59010,71
59020,71
59030,71
59040,70
59052,69
59062,68
59072,67
59082,67
59092,68
59103,68
59114,69
59124,69
59134,69
59145,68
59155,67
59165,66
59175,65
59187,64
59197,65
59207,65
59217,66
59228,66
59238,66
59249,65
59259,64
59270,63
59280,63
59290,62
59300,62
59311,62
59322,63
59332,63
59342,63
59353,62
59363,62
59373,61
59384,61
59395,60
59405,60
59415,60
59425,61
59436,62
59447,62
59457,61
59467,61
59478,61
59488,60
59498,60
59508,60
59520,60
59530,61
59540,63
59550,63
59560,63
59571,62
59582,62
59592,62
59602,62
59613,62
59623,62
59633,63
59643,65
59655,66
59665,66
59675,65
59685,65
59696,65
59706,64
59717,64
59727,65
59738,66
59748,68
59758,69
59768,69
59780,69
59790,68
59800,67
59810,67
59821,67
59831,68
59841,69
59852,70
59863,71
59873,71
59883,71
59893,70
59904,70
59915,69
59925,69
59935,69
59945,70
59956,71
59966,71
59977,72
59987,72
59998,71
60008,70
60018,69
60028,69
60039,69
60050,70
60060,70
60070,71
60081,71
60091,71
60101,70
60112,69
60123,68
60133,67
60143,67
60153,67
60164,68
60174,69
60185,69
60195,69
60206,68
60216,67
60226,66
60236,65
60248,64
60258,64
60268,65
60278,66
60289,66
60299,66
60309,64
60320,64
60331,63
60341,62
60351,62
60361,61
60371,62
60383,63
60393,63
60403,63
60413,62
60424,62
60434,61
60445,61
60455,60
60466,60
60476,60
60486,61
60496,62
60507,62
60518,61
60528,61
60538,61
60549,60
60559,60
60569,60
60580,60
60591,62
60601,63
60611,63
60621,63
60632,63
60642,62
60653,62
60663,62
60674,62
60684,62
60694,64
60704,65
60716,66
60726,66
60736,66
60746,65
60756,65
60767,65
60778,65
60788,65
60798,67
60809,68
60819,69
60829,69
60839,69
60851,68
60861,68
60871,67
60881,67
60892,68
60902,69
60913,70
60923,71
60934,71
60944,71
60954,71
60964,70
60975,69
60986,69
60996,69
61006,70
61017,71
61027,71
61037,72
61048,72
61059,71
61069,70
61079,69
61089,69
61100,69
61111,70
61121,70
61131,71
61142,71
61152,71
61162,70
61172,69
61184,68
61194,67
61204,67
61214,67
61224,68
61235,68
61246,69
61256,68
61266,67
61277,66
61287,65
61297,65
61307,64
61319,64
61329,64
61339,65
61349,66
61360,65
61370,64
61381,63
61391,63
61402,62
61412,61
61422,61
61432,61
61444,63
61454,63
61464,62
61474,62
61485,61
61495,61
61505,60
61516,60
61527,60
61537,60
61547,61
61557,62
61568,62
61579,61
61589,61
61599,61
61609,61
61620,60
61630,60
61640,61
61651,62
61662,63
61672,64
61682,63
61692,63
61703,63
61714,63
61724,62
61734,62
61745,63
61755,64
61765,66
61776,66
61787,67
61797,66
61807,66
61817,65
61828,65
61838,65
61849,66
61859,67
61870,68
61880,69
61890,70
61900,69
61912,69
61922,68
61932,68
61942,68
61953,68
61963,69
61973,70
61984,71
61995,72
62005,72
62015,71
62025,70
62035,69
62047,69
62057,70
62067,70
62077,71
62088,71
62098,72
62109,72
62119,71
62130,70
62140,69
62150,68
62160,69
62171,69
62182,70
62192,70
62202,71
62213,71
62223,70
62233,68
62244,68
62255,67
62265,66
62275,67
62285,67
62296,68
62307,69
62317,68
62327,67
62338,66
62348,65
62358,64
62368,64
62380,63
62390,64
62400,65
62410,65
62420,65
62431,64
62442,63
62452,62
62462,62
62473,61
62483,61
62493,61
62503,62
62515,63
62525,62
62535,62
62545,61
62556,61
62566,60
62577,60
62587,60
62598,60
62608,61
62618,62
62628,62
62639,61
62650,61
62660,61
62670,61
62681,61
62691,60
62701,61
62712,62
62723,63
62733,64
62743,64
62753,63
62764,63
62775,63
62785,63
62795,62
62806,63
62816,65
62826,66
62836,67
62848,67
62858,66
62868,66
62878,66
62888,66
62899,65
62910,66
62920,68
62930,69
62941,69
62951,70
62961,70
62971,69
62983,68
62993,68
63003,68
63013,69
63024,70
63034,71
63045,71
63055,72
63066,72
63076,71
63086,70
63096,69
63108,69
63118,70
63128,70
63138,71
63149,71
63159,72
63169,72
63180,71
63191,70
63201,69
63211,68
63221,68
63232,69
63243,70
63253,70
63263,71
63273,70
63284,69
63294,68
63304,67
63315,66
63326,66
63336,66
63346,67
63356,68
63367,68
63378,68
63388,66
63398,65
63409,65
63419,64
63429,63
63440,63
63451,64
63461,65
63471,65
63481,64
63492,63
63502,63
63513,62
63523,61
63534,61
63544,61
63554,61
63564,62
63576,63
63586,62
63596,62
63606,61
63617,61
63627,60
63637,60
63648,60
63659,60
63669,61
63679,62
63689,62
63699,62
63711,61
63721,61
63731,61
63741,61
63752,61
63762,61
63773,62
63783,64
63794,64
63804,64
63814,64
63824,63
63835,63
63846,63
63856,63
63866,64
63877,65
63887,66
63897,67
63908,67
63919,67
63929,67
63939,66
63949,66
63960,66
63970,67
63981,68
63991,69
64002,70
64012,70
64022,70
64032,69
64044,69
64054,68
64064,68
64074,69
64084,70
64095,71
64106,71
64116,72
64126,72
64137,71
64147,70
64157,69
64167,69
64179,70
64189,70
64199,71
64209,71
64220,72
64230,72
64241,71
64251,70
64262,69
64272,68
64282,68
64292,69
64303,69
64314,70
64324,70
64334,70
64345,69
64355,68
64365,67
64376,66
64387,66
64397,66
64407,67
64417,67
64428,68
64439,67
64449,66
64459,65
64470,64
64480,63
64490,63
64500,63
64512,63
64522,64
64532,64
64542,64
64552,63
64563,62
64574,62
64584,61
64594,61
64605,60
64615,61
64625,62
64635,62
64647,62
64657,61
64667,61
64677,61
64688,60
64698,60
64709,60
64719,60
64730,61
64740,62
64750,62
64760,62
64772,62
64782,61
64792,61
64802,61
64813,61
64823,61
64833,63
64844,64
64855,65
64865,64
64875,64
64885,64
64896,64
64907,63
64917,63
64927,64
64937,65
64948,67
64958,68
64968,68
64979,67
64990,67
65000,67
65010,66
65020,66
65031,67
65042,68
65052,69
65062,70
65073,71
65083,70
65093,70
65104,69
65115,69
65125,68
65135,69
65145,70
65156,71
65166,71
65177,72
65187,72
65198,71
65208,70
65218,69
65228,69
65240,70
65250,70
65260,71
65270,71
65281,72
65291,72
65301,71
65312,70
65323,69
65333,68
65343,68
65353,69
65363,69
65375,70
65385,70
65395,70
65405,69
65416,67
65426,67
65437,66
65447,65
65458,65
65468,66
65478,67
65488,67
65499,67
65510,66
65520,65
65530,64
65541,63
65551,63
65561,62
65572,63
65583,64
65593,64
65603,64
65613,63
65624,62
65634,62
65645,61
65655,61
65666,60
65676,61
65686,62
65696,62
65708,62
65718,61
65728,61
65738,61
65748,60
65759,60
65770,60
65780,60
65790,61
65801,62
65811,63
65821,62
65831,62
65843,62
65853,61
65863,61
65873,61
65884,62
65894,63
65905,65
65915,65
65926,65
65936,64
65946,64
65956,64
65968,64
65978,64
65988,64
65998,66
66009,67
66019,68
66029,68
66040,68
66051,67
66061,67
66071,67
66081,67
66092,67
66103,69
66113,70
66123,70
66134,71
66144,71
66154,70
66164,69
66176,69
66186,69
66196,69
66206,70
66216,71
66227,72
66238,72
66248,72
66258,71
66269,70
66279,69
66289,69
66300,70
66311,70
66321,71
66331,71
66341,72
66352,72
66362,70
66373,69
66383,68
66394,68
66404,68
66414,68
66424,69
66436,69
66446,70
66456,69
66466,68
66477,67
66487,66
66497,65
66508,65
66519,65
66529,66
66539,66
66549,67
66560,66
66571,65
66581,64
66591,64
66601,63
66612,62
66622,62
66632,63
66643,64
66654,64
66664,63
66674,62
66684,62
66695,61
66706,61
66716,60
66726,60
66737,60
66747,62
66757,62
66768,62
66779,61
66789,61
66799,61
66809,60
66820,60
66830,60
66841,60
66851,62
66862,63
66872,63
66882,62
66892,62
66904,62
66914,62
66924,62
66934,61
66945,62
66955,63
66965,65
66976,65
66987,65
66997,65
67007,65
67017,64
67027,64
67039,64
67049,65
67059,66
67069,67
67080,68
67090,69
67101,68
67111,68
67122,67
67132,67
67142,67
67152,68
67163,69
67174,70
67184,71
67194,71
67205,71
67215,70
67225,70
67236,69
67247,69
67257,70
67267,70
67277,71
67288,72
67299,72
67309,72
67319,71
67330,70
67340,69
67350,69
67360,69
67372,70
67382,71
67392,71
67402,72
67412,71
67423,70
67434,69
67444,68
67454,67
67465,67
67475,68
67485,69
67495,69
67507,70
67517,69
67527,68
67537,67
67548,66
67558,65
67569,65
67579,64
67590,65
67600,65
67610,65
67620,65
67631,63
67642,63
67652,62
67662,61
67673,60
67683,60
67693,60
67704,61
67715,61
67725,61
67735,60
67745,59
67756,58
67767,58
67777,57
67787,57
67798,57
67808,58
67818,59
67828,59
67840,58
67850,58
67860,57
67870,57
67880,57
67891,57
67902,57
67912,59
67922,60
67933,60
67943,59
67953,59
67964,59
67975,59
67985,59
67995,58
68005,59
68016,61
68026,62
68037,63
68047,63
68058,62
68068,62
68078,62
68088,61
68100,61
68110,62
68120,64
68130,65
68141,66
68151,66
68161,66
68172,65
68183,65
68193,64
68203,64
68213,65
68224,66
68235,67
68245,68
68255,68
68265,68
68276,67
68286,66
68296,66
68307,66
68318,66
68328,67
68338,68
68348,68
68359,69
68370,69
68380,68
68390,67
68401,66
68411,66
68421,66
68432,67
68443,67
68453,68
68463,68
68473,68
68484,67
68494,66
68505,65
68515,64
68526,64
68536,65
68546,66
68556,67
68568,67
68578,67
68588,66
68598,65
68609,64
68619,63
68629,63
68640,63
68651,64
68661,65
68671,65
68681,65
68691,64
68703,63
68713,63
68723,62
68733,61
68744,61
68754,62
68765,63
68775,63
68786,63
68796,62
68806,61
68816,61
68827,61
68838,60
68848,60
68858,60
68869,62
68879,62
68889,62
68900,61
68911,61
68921,61
68931,61
68941,60
68952,60
68963,61
68973,62
68983,63
68994,63
69004,63
69014,63
69024,63
69036,62
69046,62
69056,62
69066,63
69076,64
69087,66
69098,66
69108,66
69118,66
69129,66
69139,65
69149,65
69159,65
69171,66
69181,67
69191,68
69201,69
69212,70
69222,69
69233,69
69243,68
69254,68
69264,68
69274,69
69284,70
69295,70
69306,71
69316,72
69326,71
69337,71
69347,70
69357,69
69368,69
69379,70
69389,71
69399,71
69409,72
69420,72
69431,72
69441,71
69451,70
69462,69
69472,69
69482,69
69492,70
69504,71
69514,71
69524,71
69534,71
69544,70
69555,69
69566,68
69576,67
69586,67
69597,68
69607,68
69617,69
69628,69
69639,68
69649,67
69659,66
69669,66
69680,65
69690,64
69701,64
69711,65
69722,66
69732,66
69742,65
69752,64
69764,64
69774,63
69784,62
69794,62
69805,62
69815,62
69825,63
69836,64
69847,63
69857,62
69867,62
69877,61
69888,61
69899,61
69909,60
69919,61
69929,62
69940,63
69950,63
69961,62
69971,62
69982,61
69992,61
70002,61
70012,61
70023,62
70034,63
70044,64
70054,64
70065,64
70075,64
70085,64
70096,63
70107,63
70117,63
70127,64
70137,65
70148,67
70158,67
70169,67
70179,67
70190,67
70200,66
70210,66
70220,66
70232,67
70242,68
70252,69
70262,70
70273,71
70283,70
70293,70
70304,69
70315,69
70325,69
70335,70
70345,71
70355,72
70367,72
70377,73
70387,73
70397,72
70408,71
70418,70
70429,70
70439,71
70450,71
70460,72
70470,73
70480,73
70491,73
70502,72
70512,71
70522,70
70533,69
70543,70
70553,70
70564,71
70575,71
70585,72
70595,71
70605,70
70616,69
70626,68
70637,67
70647,67
70658,68
70668,68
70678,69
70688,69
70700,69
70710,67
70720,66
70730,66
70740,65
70751,64
70762,64
70772,65
70782,66
70793,66
70803,65
70813,64
70823,64
70835,63
70845,62
70855,62
70865,61
70876,62
70886,63
70897,63
70907,63
70918,62
70928,62
70938,61
70948,61
70960,61
70970,60
70980,61
70990,62
71001,63
71011,63
71021,62
71032,62
71043,62
71053,61
71063,61
71073,61
71084,62
71095,63
71105,64
71115,65
71126,64
71136,64
71146,64
71156,64
71168,63
71178,63
71188,64
71198,66
71208,67
71219,68
71230,67
71240,67
71250,67
71261,66
71271,66
71281,66
71291,67
71303,68
71313,69
71323,70
71333,71
71344,70
71354,69
71365,69
71375,68
71386,69
71396,69
71406,70
71416,71
71428,72
71438,72
71448,72
71458,71
71469,70
71479,70
71489,69
71500,70
71511,71
71521,71
71531,72
71541,72
71552,72
71563,71
71573,70
71583,69
71593,69
71604,69
71614,70
71625,70
71635,71
71646,71
71656,71
71666,69
71676,68
71687,67
71698,67
71708,66
71718,67
71729,67
71739,68
71749,68
71760,68
71771,66
71781,66
71791,65
71801,64
71812,63
71822,63
71833,64
71843,65
71854,65
71864,64
71874,64
71884,63
71896,62
71906,62
71916,61
71926,61
71937,61
71947,63
71957,63
71968,62
71979,62
71989,61
71999,61
72009,61
72019,60
72031,60
72041,60
72051,62
72061,62
72072,62
72082,62
72093,61
72103,61
72114,61
72124,61
72134,61
72144,62
72155,63
72166,64
72176,65
72186,64
72197,64
72207,64
72217,63
72228,63
72239,63
72249,64
72259,66
72269,67
72280,68
72290,68
72301,67
72311,67
72322,66
72332,66
72342,66
72352,67
72364,68
72374,69
72384,70
72394,71
72404,70
72415,69
72426,69
72436,68
72446,68
72457,69
72467,70
72477,71
72487,71
72499,72
72509,72
72519,71
72529,70
72540,69
72550,69
72561,70
72571,70
72582,71
72592,72
72602,72
72612,72
72623,71
72634,70
72644,69
72654,68
72665,68
72675,69
72685,70
72696,70
72707,71
72717,70
72727,69
72737,68
72748,67
72759,66
72769,66
72779,66
72790,67
72800,67
72810,67
72820,67
72832,66
72842,65
72852,64
72862,63
72872,63
72883,63
72894,63
72904,64
72914,65
72925,64
72935,63
72945,62
72955,62
72967,61
72977,61
72987,60
72997,61
73008,62
73018,63
73029,62
73039,61
73050,61
73060,61
73070,60
73080,60
73092,60
73102,60
73112,62
73122,63
73133,62
73143,62
73153,62
73164,62
73175,62
73185,61
73195,61
73205,62
73216,63
73227,65
73237,65
73247,65
73257,64
73268,64
73278,64
73288,64
73299,64
73310,65
73320,66
73330,67
73340,68
73351,68
73362,68
73372,67
73382,67
73393,67
73403,67
73413,68
73424,69
73435,70
73445,71
73455,71
73465,71
73476,70
73486,69
73497,68
73507,69
73518,70
73528,71
73538,71
73548,72
73560,72
73570,72
73580,71
73590,70
73601,69
73611,69
73621,70
73632,71
73643,71
73653,72
73663,72
73673,72
73683,71
73695,70
73705,69
73715,68
73725,68
73736,69
73746,70
73757,70
73767,70
73778,70
73788,69
73798,68
73808,67
73819,66
73830,66
73840,66
73850,67
73861,67
73871,67
73881,67
73892,66
73903,65
73913,64
73923,63
73933,63
73944,63
73954,63
73965,64
73975,64
73986,64
73996,63
74006,62
74016,62
74028,61
74038,61
74048,60
74058,61
74068,62
74079,63
74090,62
74100,62
74110,61
74121,61
74131,61
74141,61
74151,60
74163,61
74173,62
74183,63
74193,63
74204,63
74214,62
74225,62
74235,62
74246,62
74256,62
74266,62
74276,64
74287,65
74298,66
74308,65
74318,65
74329,65
74339,64
74349,64
74360,64
74371,65
74381,67
74391,68
74401,69
74412,69
74423,68
74433,68
74443,67
74454,67
74464,67
74474,68
74484,69
74496,70
74506,71
74516,72
74526,71
74536,70
74547,70
74558,69
74568,69
74578,70
74589,71
74599,72
74609,72
74620,73
74631,72
74641,71
74651,70
74661,70
74672,69
74682,70
74693,70
74703,71
74714,72
74724,72
74734,72
74744,71
74756,70
74766,69
74776,68
74786,68
74797,69
74807,69
74817,70
74828,70
74839,69
74849,68
74859,67
74869,66
74880,66
74891,65
74901,65
74911,66
74921,67
74932,67
74942,66
74952,65
74963,64
74974,64
74984,63
74994,62
75004,62
75015,63
75026,64
75036,64
75046,63
75057,63
75067,62
75077,61
75088,61
75099,61
75109,60
75119,61
75129,62
75140,63
75150,62
75161,62
75171,61
75182,61
75192,61
75202,60
75212,60
75224,61
75234,62
75244,63
75254,63
75265,63
75275,62
75286,62
75296,62
75307,62
75317,62
75327,63
75337,64
75347,65
75359,66
75369,66
75379,65
75389,65
75400,65
75410,65
75421,65
75431,66
75442,67
75452,68
75462,69
75472,69
75483,68
75494,68
75504,68
75514,67
75525,67
75535,68
75545,69
75556,70
75567,71
75577,72
75587,71
75597,70
75608,70
75618,69
75629,69
75639,70
75650,71
75660,71
75670,72
75680,73
75692,72
75702,71
75712,70
75722,70
75732,69
75743,70
75754,71
75764,71
75774,71
75785,72
75795,71
75805,70
75815,69
75827,68
75837,68
75847,68
75857,68
75868,69
75878,69
75889,70
75899,69
75910,68
75920,67
75930,66
75940,65
75951,65
75962,65
75972,66
75982,67
75993,66
76003,65
76013,64
76024,63
76035,62
76045,61
76055,61
76065,60
76076,61
76087,62
76097,62
76107,61
76118,60
76128,60
76138,59
76148,58
76160,58
76170,57
76180,58
76190,59
76200,59
76211,59
76222,58
76232,58
76242,57
76253,57
76263,57
76273,57
76284,57
76295,59
76305,60
76315,60
76325,59
76336,59
76346,59
76357,59
76367,58
76378,58
76388,59
76398,61
76408,62
76420,63
76430,62
76440,62
76450,62
76461,62
76471,61
76481,61
76492,62
76503,64
76513,65
76523,66
76533,66
76544,66
76555,65
76565,64
76575,64
76585,64
76596,65
76606,66
76616,67
76627,68
76638,68
76648,68
76658,67
76668,66
76679,66
76690,66
76700,67
76710,68
76721,68
76731,69
76741,69
76752,69
76763,68
76773,67
76783,66
76793,66
76804,67
76814,67
76825,68
76835,68
76846,69
76856,69
76866,67
76876,66
76888,66
76898,65
76908,65
76918,66
76929,67
76939,67
76950,68
76960,67
76971,66
76981,65
76991,64
77001,64
77011,63
77023,64
77033,65
77043,66
77053,66
77064,66
77074,65
77085,65
77095,64
77106,64
77116,63
77126,64
77136,64
77147,66
77158,66
77168,65
77178,64
77189,64
77199,63
77209,63
77220,62
77231,62
77241,62
77251,64
77261,64
77272,63
77283,63
77293,62
77303,62
77314,62
77324,62
77334,61
77344,62
77356,63
77366,64
77376,64
77386,64
77396,63
77407,63
77418,63
77428,63
77438,63
77449,63
77459,65
77469,66
77479,67
77491,66
77501,66
77511,66
77521,65
77532,65
77542,65
77553,66
77563,67
77574,68
77584,69
77594,70
77604,69
77615,68
77626,68
77636,67
77646,67
77657,68
77667,69
77677,70
77688,71
77699,71
77709,71
77719,70
77729,69
77740,69
77751,69
77761,70
77771,70
77782,71
77792,71
77802,72
77812,72
77824,71
77834,70
77844,69
77854,68
77864,69
77875,70
77886,70
77896,71
77906,71
77917,70
77927,69
77937,68
77947,67
77959,67
77969,67
77979,67
77989,68
78000,68
78010,68
78021,68
78031,67
78042,66
78052,65
78062,64
78072,64
78084,64
78094,65
78104,66
78114,66
78125,65
78135,64
78145,63
78156,62
78167,62
78177,61
78187,61
78197,62
78208,63
78219,63
78229,62
78239,61
78249,61
78260,61
78270,60
78280,60
78291,59
78302,60
78312,61
78322,62
78332,61
78343,61
78354,61
78364,60
78374,60
78385,60
78395,60
78405,60
78416,62
78427,63
78437,63
78447,62
78457,62
78468,62
78478,62
78489,62
78499,62
78510,63
78520,64
78530,66
78540,66
78552,66
78562,65
78572,65
78582,65
78593,65
78603,65
78613,66
78624,67
78635,68
78645,69
78655,70
78665,69
78675,68
78687,68
78697,67
78707,68
78717,69
78728,70
78738,70
78749,71
78759,72
78770,71
78780,70
78790,70
78800,69
78811,69
78822,70
78832,71
78842,71
78853,72
78863,72
78873,72
78884,71
78895,70
78905,69
78915,69
78925,70
78936,70
78947,71
78957,71
78967,72
78978,71
78988,70
78998,69
79008,68
79020,67
79030,67
79040,68
79050,69
79060,69
79071,69
79082,68
79092,67
79102,67
79113,66
79123,65
79133,64
79143,64
79155,65
79165,66
79175,66
79185,65
79196,64
79206,64
79217,63
79227,62
79238,62
79248,62
79258,62
79268,63
79279,63
79290,63
79300,62
79310,62
79321,61
79331,61
79341,60
79352,60
79363,61
79373,62
79383,63
79393,62
79404,62
79415,61
79425,61
79435,61
79446,61
79456,61
79466,61
79476,63
79488,64
79498,64
79508,64
79518,64
79528,63
79539,63
79550,63
79560,63
79570,64
79581,65
79591,67
79601,67
79611,67
79623,67
79633,66
79643,66
79653,66
79664,66
79674,67
79685,68
79695,69
79706,70
79716,70
79726,70
79736,69
79748,69
79758,68
79768,68
79778,69
79789,70
79799,71
79809,72
